,date,area,totalcases,MHI,MCI,btc_price,eth_price,month
0,12/12/2021,Worldwide,269195299,13.5,57.4,49225,4041.61,24
1,11/12/2021,Worldwide,269195299,15.5,59.39,49314.5,4075.66,24
2,10/12/2021,Worldwide,269195299,16.26,60.51,47137.2,3903.48,24
3,09/12/2021,Worldwide,268558266,16.57,61.48,47596.6,4107.69,24
4,08/12/2021,Worldwide,267834341,15.52,59.42,50473.9,4435.74,24
5,07/12/2021,Worldwide,267163176,17.14,60.51,50595.2,4307.08,24
6,06/12/2021,Worldwide,266468058,15.19,60.18,50562.1,4353.31,24
7,05/12/2021,Worldwide,265864109,15.55,61.39,49405.5,4194.8,24
8,04/12/2021,Worldwide,265440690,18.35,61.18,49195.2,4123.46,24
9,03/12/2021,Worldwide,264932878,18.25,62.31,53631.5,4219.3,24
10,02/12/2021,Worldwide,264220632,18.12,62.83,56496,4512.9,24
11,01/12/2021,Worldwide,263519289,18.73,63.59,57210.3,4583.28,24
12,30/11/2021,Worldwide,262812527,20.23,61.6,56882.9,4628.9,23
13,29/11/2021,Worldwide,262182633,17.62,62.47,57794.8,4443.22,23
14,28/11/2021,Worldwide,261516772,18.67,62.92,57291.5,4296.98,23
15,27/11/2021,Worldwide,261110870,19.39,59.42,54765.9,4094.8,23
16,26/11/2021,Worldwide,260660212,15.17,55.86,53730.9,4034.53,23
17,25/11/2021,Worldwide,260068306,14.91,59.87,58935.1,4520.3,23
18,24/11/2021,Worldwide,259472167,13.49,60.39,57171.7,4273.54,23
19,23/11/2021,Worldwide,258799077,15.03,58.15,57573.2,4340.23,23
20,22/11/2021,Worldwide,258189863,13.98,58.31,56308.8,4086.95,23
21,21/11/2021,Worldwide,257565129,13.48,58.77,58714.3,4268.08,23
22,20/11/2021,Worldwide,257168801,15.62,59.04,59717.6,4408.85,23
23,19/11/2021,Worldwide,256690934,14.61,59.79,58083.4,4295.43,23
24,18/11/2021,Worldwide,256078015,14.35,60.49,56955.3,4001.87,23
25,17/11/2021,Worldwide,255463150,14.6,60.35,60367.8,4290.88,23
26,16/11/2021,Worldwide,254837959,16.07,57.64,60089.1,4208.16,23
27,15/11/2021,Worldwide,254315156,13.99,57.56,63597.9,4562.98,23
28,14/11/2021,Worldwide,253770095,11.07,57.01,65508.2,4625.59,23
29,13/11/2021,Worldwide,253418652,14.58,59.55,64398.6,4644.61,23
30,12/11/2021,Worldwide,252989981,14.11,59.66,64134.5,4667.31,23
31,11/11/2021,Worldwide,252395722,15.18,61.22,64806.7,4720.87,23
32,10/11/2021,Worldwide,251879600,15.7,60.97,64932.6,4634.03,23
33,09/11/2021,Worldwide,251305175,15.77,60.03,66904.4,4731.83,23
34,08/11/2021,Worldwide,250821737,13.87,60.56,67527.9,4808.38,23
35,07/11/2021,Worldwide,250343250,12.36,61.18,63273.2,4612.06,23
36,06/11/2021,Worldwide,249996073,16.81,62.09,61483.9,4517.36,23
37,05/11/2021,Worldwide,249581640,17.47,62.33,60974.3,4475,23
38,04/11/2021,Worldwide,249066598,17.49,61.74,61412.6,4535.11,23
39,03/11/2021,Worldwide,248538823,14.5,60.1,62918.5,4602.21,23
40,02/11/2021,Worldwide,248017603,16.27,60.84,63221.7,4586.06,23
41,01/11/2021,Worldwide,247587799,16.45,59.1,60915.3,4320.85,23
42,31/10/2021,Worldwide,247164753,15.64,60.69,61309.6,4287.56,22
43,30/10/2021,Worldwide,246843901,18.85,60.85,61840.1,4320.65,22
44,29/10/2021,Worldwide,246461921,15.74,61.13,62242.8,4413.7,22
45,28/10/2021,Worldwide,245957103,16.06,59.63,60582.5,4284.9,22
46,27/10/2021,Worldwide,245498327,15.99,62.03,58438.1,3921.93,22
47,26/10/2021,Worldwide,244985846,15.26,59.76,60310.8,4129.51,22
48,25/10/2021,Worldwide,244542769,13.32,60.07,63067,4219.92,22
49,24/10/2021,Worldwide,244111765,14.23,59.54,60866.5,4082.8,22
50,23/10/2021,Worldwide,243795689,16.56,61.98,61312.5,4168.85,22
51,22/10/2021,Worldwide,243435393,15.79,62.14,60690.3,3970.94,22
52,21/10/2021,Worldwide,242950039,16.56,61.39,62210.2,4054.16,22
53,20/10/2021,Worldwide,242493057,16.52,61.81,65979.1,4159.89,22
54,19/10/2021,Worldwide,242021852,16.02,62.08,64278.5,3876.78,22
55,18/10/2021,Worldwide,241579420,13.54,57.59,62056.3,3747.6,22
56,17/10/2021,Worldwide,241164653,14.5,59.78,61527.5,3845.47,22
57,16/10/2021,Worldwide,240851366,16.33,61.32,60861.1,3827.55,22
58,15/10/2021,Worldwide,240514095,17.06,61.98,61672.5,3866.9,22
59,14/10/2021,Worldwide,240057301,18.06,62.83,57345.8,3790.41,22
60,13/10/2021,Worldwide,239612736,15.85,61.89,57380.1,3607.28,22
61,12/10/2021,Worldwide,239149400,16.04,60.17,56015.9,3489.9,22
62,11/10/2021,Worldwide,238715812,13.34,58.35,57477.3,3545.06,22
63,10/10/2021,Worldwide,238333805,13.99,57.65,54687.7,3415.03,22
64,09/10/2021,Worldwide,238018875,16.7,61.48,54942.5,3574.2,22
65,08/10/2021,Worldwide,237686620,16.84,63.35,53914.7,3559.42,22
66,07/10/2021,Worldwide,237212443,17.02,62.28,53783.9,3586,22
67,06/10/2021,Worldwide,236779602,16.08,59.69,55323.2,3575.41,22
68,05/10/2021,Worldwide,236266644,15.77,61.32,51469.3,3517.26,22
69,04/10/2021,Worldwide,235846176,14.29,58.91,49227.3,3382.9,22
70,03/10/2021,Worldwide,235401647,16.88,63.34,48200.1,3417.34,22
71,02/10/2021,Worldwide,235095253,18.76,63.2,47666.9,3388.97,22
72,01/10/2021,Worldwide,234748599,17.36,61.62,48146,3309.13,22
73,30/09/2021,Worldwide,234209471,18.6,63.22,43823.3,3000.59,21
74,29/09/2021,Worldwide,233724705,18.53,63.18,41536.8,2851.5,21
75,28/09/2021,Worldwide,233221906,18.83,61.68,41022.3,2807.28,21
76,27/09/2021,Worldwide,232772166,13.13,59.72,42172.6,2926.24,21
77,26/09/2021,Worldwide,232299522,15.12,62.82,43203.4,3063.51,21
78,25/09/2021,Worldwide,231951194,18.97,63.13,42686.8,2922.55,21
79,24/09/2021,Worldwide,231584038,17.96,64.15,42819.9,2928.57,21
80,23/09/2021,Worldwide,231036726,18.56,64.87,44869.2,3152.92,21
81,22/09/2021,Worldwide,230525007,19.32,63.84,43551.6,3077.78,21
82,21/09/2021,Worldwide,229986836,18.46,63.19,40651.3,2761.52,21
83,20/09/2021,Worldwide,229517405,14.84,60.44,42870.6,2976.05,21
84,19/09/2021,Worldwide,228983331,17.28,62.04,47238.7,3329.12,21
85,18/09/2021,Worldwide,228622489,19.81,64.69,48306.7,3435.97,21
86,17/09/2021,Worldwide,228085441,20.21,63.96,47282.8,3398.65,21
87,16/09/2021,Worldwide,227492141,19.93,64.53,47748,3569.43,21
88,15/09/2021,Worldwide,226915585,20.48,64.66,48130.6,3611.9,21
89,14/09/2021,Worldwide,226347624,18.6,62.84,47077.5,3428.87,21
90,13/09/2021,Worldwide,225796002,16.66,59.87,44949.5,3284.52,21
91,12/09/2021,Worldwide,225194710,16.96,62.26,46062.3,3408.28,21
92,11/09/2021,Worldwide,224826464,21.41,64.72,45161.9,3267.33,21
93,10/09/2021,Worldwide,224369896,20.88,63.76,44842.8,3207.27,21
94,09/09/2021,Worldwide,223736159,19.85,64.2,46385.6,3423.51,21
95,08/09/2021,Worldwide,223098534,19.64,62.96,46061.4,3495.1,21
96,07/09/2021,Worldwide,222466832,18.76,61.93,46779.6,3423.12,21
97,06/09/2021,Worldwide,221741039,19.66,64.88,52672.1,3927.21,21
98,05/09/2021,Worldwide,221300532,19.19,65.3,51768.6,3950.62,21
99,04/09/2021,Worldwide,220860465,21.78,63.8,49918.4,3884.97,21
100,03/09/2021,Worldwide,220375748,19.09,65.38,49999,3936.29,21
101,02/09/2021,Worldwide,219657887,20.77,66.74,49274.3,3786.19,21
102,01/09/2021,Worldwide,218980871,19.94,65.88,48819.4,3832.73,21
103,31/08/2021,Worldwide,218253526,20.62,65.24,47130.4,3430.74,20
104,30/08/2021,Worldwide,217634085,18.67,63.67,46992.7,3225.67,20
105,29/08/2021,Worldwide,216947553,20.94,64.62,48777.4,3222.16,20
106,28/08/2021,Worldwide,216500980,21.82,65.44,48897.1,3243.9,20
107,27/08/2021,Worldwide,215953596,21.62,66.5,49064.3,3273.58,20
108,26/08/2021,Worldwide,215208086,22.59,67.17,46831.6,3093.54,20
109,25/08/2021,Worldwide,214472394,22.85,66.34,48994.5,3228.15,20
110,24/08/2021,Worldwide,213742060,23.68,67.2,47714.7,3173.26,20
111,23/08/2021,Worldwide,213054951,19.85,66.2,49539.7,3319.49,20
112,22/08/2021,Worldwide,212350485,19.52,65.11,49254.5,3238.7,20
113,21/08/2021,Worldwide,211903934,23.98,66.56,48875.8,3223.96,20
114,20/08/2021,Worldwide,211363802,20.93,65.97,49324,3284.21,20
115,19/08/2021,Worldwide,210573794,22.38,67.4,46755.9,3184.82,20
116,18/08/2021,Worldwide,209858126,23.5,66.13,44723.8,3016.91,20
117,17/08/2021,Worldwide,209129882,20.73,64.12,44691.6,3014.58,20
118,16/08/2021,Worldwide,208446748,20.26,63.51,45996.3,3147.65,20
119,15/08/2021,Worldwide,207768138,20.03,66.06,46991.3,3308.87,20
120,14/08/2021,Worldwide,207304126,23.71,66.4,47081.5,3264.69,20
121,13/08/2021,Worldwide,206770184,23.15,67.73,47809.1,3322.43,20
122,12/08/2021,Worldwide,205964473,23.62,65.5,44403.4,3043.61,20
123,11/08/2021,Worldwide,205253714,24.05,65.96,45564.3,3163.66,20
124,10/08/2021,Worldwide,204525187,23.32,65.96,45593.8,3140.71,20
125,09/08/2021,Worldwide,203876512,25.93,65.93,46284.3,3162.93,20
126,08/08/2021,Worldwide,203222679,24.56,65.44,43792.8,3012.07,20
127,07/08/2021,Worldwide,202781094,23.25,66.1,44614.2,3158,20
128,06/08/2021,Worldwide,202230166,23.78,67.25,42795.4,2889.43,20
129,05/08/2021,Worldwide,201408350,23.66,67.61,40867.2,2827.21,20
130,04/08/2021,Worldwide,200719425,23.11,67.37,39736.9,2725.29,20
131,03/08/2021,Worldwide,200044022,23.7,65.05,38130.3,2506.65,20
132,02/08/2021,Worldwide,199406609,24.96,63.64,39168.4,2608.04,20
133,01/08/2021,Worldwide,198828535,23.61,65.77,39878.3,2556.23,20
134,31/07/2021,Worldwide,198347236,23.71,65.98,41553.7,2532.19,19
135,30/07/2021,Worldwide,197837068,23.24,66.6,42203.4,2460.95,19
136,29/07/2021,Worldwide,197106768,23.88,66.6,40001.4,2380.93,19
137,28/07/2021,Worldwide,196453896,21.81,65.74,40003.2,2299.11,19
138,27/07/2021,Worldwide,195809585,23.58,64.56,39452,2300.22,19
139,26/07/2021,Worldwide,195199364,25.35,64,37276.6,2229.53,19
140,25/07/2021,Worldwide,194658993,25.38,64.47,35391.1,2189.79,19
141,24/07/2021,Worldwide,194213700,25.12,65.36,33824.8,2151.85,19
142,23/07/2021,Worldwide,193798455,23.87,64.63,33603.3,2123.61,19
143,22/07/2021,Worldwide,193051639,23.05,65.5,32298.9,2024.58,19
144,21/07/2021,Worldwide,192487240,21.91,66.49,32131.4,1994.49,19
145,20/07/2021,Worldwide,191928424,23.7,64.94,29793.8,1786.07,19
146,19/07/2021,Worldwide,191398496,23.77,61.89,30837.2,1818.07,19
147,18/07/2021,Worldwide,190901967,22.7,62.84,31785.4,1892.42,19
148,17/07/2021,Worldwide,190470948,22.36,64.92,31518.6,1897.98,19
149,16/07/2021,Worldwide,189996958,21.2,64.52,31394,1878.2,19
150,15/07/2021,Worldwide,189398671,21.15,64.78,31840.5,1917.21,19
151,14/07/2021,Worldwide,188826523,21.49,64.74,32820.7,1994.64,19
152,13/07/2021,Worldwide,188285054,22.23,63.21,32728.1,1940.72,19
153,12/07/2021,Worldwide,187765083,20.16,61.12,33113,2035.09,19
154,11/07/2021,Worldwide,187328391,19.18,61.41,34227.7,2139.35,19
155,10/07/2021,Worldwide,186957864,20.31,63.95,33510.6,2111.12,19
156,09/07/2021,Worldwide,186530807,20.55,64.81,33797.4,2145.89,19
157,08/07/2021,Worldwide,186023285,18.88,63.87,32866.3,2120.22,19
158,07/07/2021,Worldwide,185542911,18.36,62.27,33867.8,2316.57,19
159,06/07/2021,Worldwide,185079456,21.65,60.8,34225.6,2322.72,19
160,05/07/2021,Worldwide,184626035,21.26,60.36,33687.8,2196.16,19
161,04/07/2021,Worldwide,184256466,18.75,60.21,35298.2,2323.22,19
162,03/07/2021,Worldwide,183927947,20.01,62.9,34742.8,2224.7,19
163,02/07/2021,Worldwide,183551246,20.68,63.89,33813.4,2154.78,19
164,01/07/2021,Worldwide,183109974,19.7,64.3,33543.6,2109.11,19
165,30/06/2021,Worldwide,182668971,20.36,63.93,35026.9,2273.84,18
166,29/06/2021,Worldwide,182271970,20.85,63.03,35834.7,2158.71,18
167,28/06/2021,Worldwide,181892327,20.21,59.79,34475.9,2083.09,18
168,27/06/2021,Worldwide,181563983,21.16,64.42,34678.5,1979.88,18
169,26/06/2021,Worldwide,181252494,20.58,62.88,32243.4,1830.62,18
170,25/06/2021,Worldwide,180886457,19.33,64.37,31594,1810.57,18
171,24/06/2021,Worldwide,180464511,19.71,65.28,34665.8,1989.14,18
172,23/06/2021,Worldwide,180059568,20.3,64.79,33674.3,1968.39,18
173,22/06/2021,Worldwide,179621766,20.73,64.72,32496.4,1876.66,18
174,21/06/2021,Worldwide,179249957,17.81,60.33,31692,1891.18,18
175,20/06/2021,Worldwide,178956275,21.22,63.33,35595.8,2243.86,18
176,19/06/2021,Worldwide,178653879,22.41,63.72,35513.4,2166.91,18
177,18/06/2021,Worldwide,178304378,20.58,65.21,35749.4,2229.53,18
178,17/06/2021,Worldwide,177897490,20.6,65.49,38052,2371.62,18
179,16/06/2021,Worldwide,177504924,21.74,65.83,38336,2367.28,18
180,15/06/2021,Worldwide,177106210,21.05,65.6,40156.1,2543.83,18
181,14/06/2021,Worldwide,176734876,25.27,62.77,40529.4,2581.48,18
182,13/06/2021,Worldwide,176427496,22.8,62.35,39022.9,2508.27,18
183,12/06/2021,Worldwide,176123820,23.39,64.43,35467.5,2368.47,18
184,11/06/2021,Worldwide,175750964,22.55,65.88,37314.6,2351.45,18
185,10/06/2021,Worldwide,175329967,22.26,65.57,36649.4,2469.97,18
186,09/06/2021,Worldwide,174880233,20.29,63.69,37332.2,2606.23,18
187,08/06/2021,Worldwide,174460292,20.84,64.88,33382.9,2510.65,18
188,07/06/2021,Worldwide,174093088,20.61,61.75,33578,2592.63,18
189,06/06/2021,Worldwide,173772497,20.57,64.72,35815.4,2713.66,18
190,05/06/2021,Worldwide,173449200,23.26,65.38,35520,2628.98,18
191,04/06/2021,Worldwide,173049928,22.11,66.05,36851.3,2686.5,18
192,03/06/2021,Worldwide,172630192,21.69,66.62,39187.3,2853.35,18
193,02/06/2021,Worldwide,172140735,22.74,66.25,37555.8,2706.1,18
194,01/06/2021,Worldwide,171654503,23.91,64.27,36687.6,2633.67,18
195,31/05/2021,Worldwide,171191493,23.38,63.98,37298.6,2708.47,17
196,30/05/2021,Worldwide,170812657,23.44,66.84,35652.8,2386.1,17
197,29/05/2021,Worldwide,170420805,22.33,65.5,34584.6,2276.07,17
198,28/05/2021,Worldwide,169938480,22.92,66.72,35662.5,2414.29,17
199,27/05/2021,Worldwide,169437880,22.36,67.6,38417.3,2735.88,17
200,26/05/2021,Worldwide,168883526,22.79,66.75,39249.2,2884.66,17
201,25/05/2021,Worldwide,168313846,23.05,65.46,38378.3,2705.09,17
202,24/05/2021,Worldwide,167781016,22.36,66.11,38750.6,2646.79,17
203,23/05/2021,Worldwide,167328526,22.88,64.99,34679.7,2101.34,17
204,22/05/2021,Worldwide,166851249,25.96,66.78,37448.3,2291.6,17
205,21/05/2021,Worldwide,166271845,23.36,67.77,37297.4,2433.11,17
206,20/05/2021,Worldwide,165645214,22.54,66.38,40717.2,2777.55,17
207,19/05/2021,Worldwide,165365385,22.96,67.49,36720.5,2435.69,17
208,18/05/2021,Worldwide,164692963,24.58,68.04,42897.3,3377.55,17
209,17/05/2021,Worldwide,164069942,23.49,65.26,43541.3,3279.68,17
210,16/05/2021,Worldwide,163531058,22.69,67.03,46426.4,3582.12,17
211,15/05/2021,Worldwide,162981501,24.81,68.21,46708.8,3641.65,17
212,14/05/2021,Worldwide,162352181,24.47,69.08,49839.8,4075.38,17
213,13/05/2021,Worldwide,161634132,23.97,68.73,49704.6,3719.62,17
214,12/05/2021,Worldwide,160908263,24.38,69.23,49384.2,3811.77,17
215,11/05/2021,Worldwide,160147629,24.34,68.08,56695.7,4167.78,17
216,10/05/2021,Worldwide,159408210,23.79,66.21,55848.9,3947.9,17
217,09/05/2021,Worldwide,158789140,22.9,67.39,58238.3,3922.23,17
218,08/05/2021,Worldwide,158146607,25.69,68.61,58840.1,3905.55,17
219,07/05/2021,Worldwide,157359377,23.84,68.7,57337.2,3481.22,17
220,06/05/2021,Worldwide,156525899,23.95,68.23,56405.4,3489.52,17
221,05/05/2021,Worldwide,155655432,24.51,68.9,57441.3,3522.76,17
222,04/05/2021,Worldwide,154812586,24.93,69.05,53741.5,3286.71,17
223,03/05/2021,Worldwide,154004359,22.11,65.91,57169.8,3429.37,17
224,02/05/2021,Worldwide,153324853,25.58,67.56,56603.8,2950.33,17
225,01/05/2021,Worldwide,152649234,24.93,69.59,57807.1,2944.66,17
226,30/04/2021,Worldwide,151850501,23.54,70.4,57720.3,2772.78,16
227,29/04/2021,Worldwide,150969991,23.08,69.22,53560.8,2757.36,16
228,28/04/2021,Worldwide,150072929,25.97,70.62,54841.4,2746.54,16
229,27/04/2021,Worldwide,149164640,24.76,67.86,55036.5,2665.24,16
230,26/04/2021,Worldwide,148319278,27.5,68.28,54020.5,2533.12,16
231,25/04/2021,Worldwide,147637593,23.98,68.54,48963.6,2316.48,16
232,24/04/2021,Worldwide,146912466,25.37,68.48,50088.9,2215.93,16
233,23/04/2021,Worldwide,146089937,22.53,68.59,51143.6,2367.31,16
234,22/04/2021,Worldwide,145185683,22.94,69.04,51729.5,2401.1,16
235,21/04/2021,Worldwide,144285955,22.67,69.07,53820.2,2360.81,16
236,20/04/2021,Worldwide,143394369,23.63,68.41,56483.2,2332.14,16
237,19/04/2021,Worldwide,142540114,25.52,68.63,55646.1,2160.63,16
238,18/04/2021,Worldwide,141847053,25.31,68.26,56207.1,2237.17,16
239,17/04/2021,Worldwide,141160041,23.32,68.21,60041.9,2318.33,16
240,16/04/2021,Worldwide,140372030,23.82,69.79,61379.7,2423.18,16
241,15/04/2021,Worldwide,139513853,24.62,69.91,63216,2514.22,16
242,14/04/2021,Worldwide,138696739,26.62,70.27,62980.4,2431.56,16
243,13/04/2021,Worldwide,137880264,24.56,68.51,63540.9,2299.93,16
244,12/04/2021,Worldwide,137098733,25.05,69.78,59863.8,2137.81,16
245,11/04/2021,Worldwide,136484869,24.16,69.18,59978.7,2151.42,16
246,10/04/2021,Worldwide,135792536,25.6,69.62,59748.4,2133.79,16
247,09/04/2021,Worldwide,135124214,25.57,69.99,58118.7,2066.93,16
248,08/04/2021,Worldwide,134373454,26.49,70.95,58077.4,2079.92,16
249,07/04/2021,Worldwide,133532407,27.85,70.24,55948.7,1961.46,16
250,06/04/2021,Worldwide,132846294,26.77,68.11,57996.3,2111.53,16
251,05/04/2021,Worldwide,132240816,27.15,69.72,58993.4,2106.41,16
252,04/04/2021,Worldwide,131755058,27.39,69.29,58199.9,2075.94,16
253,03/04/2021,Worldwide,131198963,29.06,69.61,57059.9,2008.59,16
254,02/04/2021,Worldwide,130667289,26.72,70.06,58977.3,2134.55,16
255,01/04/2021,Worldwide,130030746,26.09,71.35,58718.3,1967.96,16
256,31/03/2021,Worldwide,129317088,26.27,70.94,58763.7,1917.99,15
257,30/03/2021,Worldwide,128632389,28.28,70.43,58771.3,1841.01,15
258,29/03/2021,Worldwide,128062401,24.67,68.6,57616.2,1816.69,15
259,28/03/2021,Worldwide,127604777,26.37,67.65,55765.2,1686.8,15
260,27/03/2021,Worldwide,127129346,25.48,69.44,55862.9,1713.01,15
261,26/03/2021,Worldwide,126543523,27.28,70.46,55036.1,1698.6,15
262,25/03/2021,Worldwide,125900596,25.76,70.83,51322.3,1586.54,15
263,24/03/2021,Worldwide,125247205,25.53,71.05,52325.4,1582.38,15
264,23/03/2021,Worldwide,124611738,25.82,69.95,54452.5,1667.9,15
265,22/03/2021,Worldwide,124095873,26.43,70.03,54158.3,1682.37,15
266,21/03/2021,Worldwide,123679559,26.44,68.49,57383.8,1783.72,15
267,20/03/2021,Worldwide,123242645,26.78,70.79,58093.4,1804.6,15
268,19/03/2021,Worldwide,122741137,27.71,71.73,58088,1809.64,15
269,18/03/2021,Worldwide,122176769,27.07,71.44,57656,1776.08,15
270,17/03/2021,Worldwide,121632866,27.06,70.47,58913.5,1823.35,15
271,16/03/2021,Worldwide,121081264,28.26,70.64,56889.7,1804.85,15
272,15/03/2021,Worldwide,120613703,30.5,71.18,55791.3,1792.38,15
273,14/03/2021,Worldwide,120264725,27.58,70.26,59113.7,1849.06,15
274,13/03/2021,Worldwide,119900306,28.45,71.62,61195.3,1921.13,15
275,12/03/2021,Worldwide,119443264,28.59,72.3,57265.1,1766.9,15
276,11/03/2021,Worldwide,118951474,26.65,72.64,57799.5,1825.79,15
277,10/03/2021,Worldwide,118472291,25.22,71.25,55851.9,1794.14,15
278,09/03/2021,Worldwide,118002885,27.61,71.11,54879,1869.1,15
279,08/03/2021,Worldwide,117587404,27.97,72.4,52311,1831.49,15
280,07/03/2021,Worldwide,117287117,27.23,70.83,50982.3,1728.1,15
281,06/03/2021,Worldwide,116914480,29.1,71.78,48855.6,1649.19,15
282,05/03/2021,Worldwide,116499312,25.49,72.39,48792.5,1530.29,15
283,04/03/2021,Worldwide,116049431,27.59,72.92,48428,1538.61,15
284,03/03/2021,Worldwide,115593104,26.8,72.3,50395.1,1571.05,15
285,02/03/2021,Worldwide,115149465,28.34,71.75,48424.2,1488.62,15
286,01/03/2021,Worldwide,114836002,27.28,72.63,49595.5,1570.03,15
287,28/02/2021,Worldwide,114531207,25.65,70.83,45164,1418.76,14
288,27/02/2021,Worldwide,114222207,25.8,72.22,46136.7,1458.93,14
289,26/02/2021,Worldwide,113828161,25.28,72.57,46345.6,1445.44,14
290,25/02/2021,Worldwide,113381186,25.76,72.87,46928.5,1476.15,14
291,24/02/2021,Worldwide,112930144,25.51,71.99,49697.5,1623.71,14
292,23/02/2021,Worldwide,112481991,28.42,71.71,48911.2,1578.11,14
293,22/02/2021,Worldwide,112089933,25.56,70.65,54111.8,1777.28,14
294,21/02/2021,Worldwide,111800177,23.92,67.69,57433.8,1933.45,14
295,20/02/2021,Worldwide,111479450,26.73,71.8,55923.7,1913.88,14
296,19/02/2021,Worldwide,111103621,27.23,71.72,55906.6,1955.59,14
297,18/02/2021,Worldwide,110689406,29.27,71.53,51582.2,1934.16,14
298,17/02/2021,Worldwide,110281507,27.48,71.96,52079.2,1847.95,14
299,16/02/2021,Worldwide,109883616,27.84,69.97,49169.7,1781.69,14
300,15/02/2021,Worldwide,109533287,28.04,71.15,47936.3,1778.82,14
301,14/02/2021,Worldwide,109246876,24.75,70.32,48643.4,1801.78,14
302,13/02/2021,Worldwide,108946817,27.1,71.97,47168.7,1815.49,14
303,12/02/2021,Worldwide,108568601,26.71,72.19,47371.7,1841.02,14
304,11/02/2021,Worldwide,108137052,25.64,73.04,47990.7,1786.35,14
305,10/02/2021,Worldwide,107692119,27.71,72.91,44836,1742.09,14
306,09/02/2021,Worldwide,107252775,29.22,72.32,46508.6,1770.63,14
307,08/02/2021,Worldwide,106821955,27.42,71.62,46395.7,1750.18,14
308,07/02/2021,Worldwide,106508190,26.14,72.52,38852.9,1612.99,14
309,06/02/2021,Worldwide,106102398,29.24,71.55,39256.6,1676.63,14
310,05/02/2021,Worldwide,105720625,27.41,73.49,38297.6,1719.2,14
311,04/02/2021,Worldwide,105184869,27.92,73.53,36982.1,1594,14
312,03/02/2021,Worldwide,104715448,31.09,71.91,37646.8,1664.34,14
313,02/02/2021,Worldwide,104188233,31.26,73.35,35485.2,1511.36,14
314,01/02/2021,Worldwide,103728118,33.38,74.37,33515.7,1373.4,14
315,31/01/2021,Worldwide,103284194,29.94,73.39,33108.1,1312.73,13
316,30/01/2021,Worldwide,102894523,31.65,73.69,34283.1,1376.96,13
317,29/01/2021,Worldwide,102373184,31.1,74.27,34301.8,1379.3,13
318,28/01/2021,Worldwide,101781360,32.38,74.15,33374.8,1328.47,13
319,27/01/2021,Worldwide,101166858,31.89,73.95,30404,1247.62,13
320,26/01/2021,Worldwide,100564626,33.3,73.89,32502.1,1366.27,13
321,25/01/2021,Worldwide,100008224,31.42,72.39,32252.3,1317.9,13
322,24/01/2021,Worldwide,99517010,30.65,72.95,32241.3,1390.28,13
323,23/01/2021,Worldwide,99058268,33.43,73.33,32088.9,1233.4,13
324,22/01/2021,Worldwide,98483195,31.14,72.69,33000.5,1234.58,13
325,21/01/2021,Worldwide,97822521,32.11,73.53,30842.1,1117.33,13
326,20/01/2021,Worldwide,97165030,32.05,72.98,35476.3,1377.53,13
327,19/01/2021,Worldwide,96467296,32.89,71.45,36002.9,1372,13
328,18/01/2021,Worldwide,95867631,31.73,73.2,36613.2,1258.06,13
329,17/01/2021,Worldwide,95353589,32.22,71.76,35839.6,1232.64,13
330,16/01/2021,Worldwide,94824569,31.97,74.06,36019.5,1228.27,13
331,15/01/2021,Worldwide,94176606,31.66,74.84,36845.8,1171.68,13
332,14/01/2021,Worldwide,93403109,31.26,74.28,39175.7,1226.17,13
333,13/01/2021,Worldwide,92642992,33.66,72.8,37382.2,1128.46,13
334,12/01/2021,Worldwide,91891817,30.86,73.19,34076.1,1050.19,13
335,11/01/2021,Worldwide,91190749,30.05,72.88,35544.3,1091.47,13
336,10/01/2021,Worldwide,90574163,30.3,71.47,38192.2,1256.04,13
337,09/01/2021,Worldwide,89983496,31.67,73.93,40151.9,1275.58,13
338,08/01/2021,Worldwide,89220644,25.5,72.66,40599.3,1215.73,13
339,07/01/2021,Worldwide,88403658,30.66,73.42,39460.2,1224.35,13
340,06/01/2021,Worldwide,87510918,35.46,74.98,36793.2,1207.77,13
341,05/01/2021,Worldwide,86719564,34.73,73.67,33991.5,1099.52,13
342,04/01/2021,Worldwide,85975750,36.22,74.75,32022.6,1042.4,13
343,03/01/2021,Worldwide,85425434,37.59,75.89,32958.9,974.97,13
344,02/01/2021,Worldwide,84902469,40.66,74.79,32193.3,774.5,13
345,01/01/2021,Worldwide,84296827,39.23,77.04,29359.9,729.12,13
346,31/12/2020,Worldwide,83730210,40.37,76.21,28949.4,735.94,12
347,30/12/2020,Worldwide,82952724,38.21,75.58,28868.7,751.8,12
348,29/12/2020,Worldwide,82212023,36.8,74.56,27376,731.76,12
349,28/12/2020,Worldwide,81539606,36.3,76.15,27057.8,730.05,12
350,27/12/2020,Worldwide,81051460,38.45,74.75,26261.3,683.71,12
351,26/12/2020,Worldwide,80618327,38.73,72.86,26454.4,636.58,12
352,25/12/2020,Worldwide,80110628,39.08,75.23,24689.6,626.93,12
353,24/12/2020,Worldwide,79630229,37.29,74.67,23736.5,612.34,12
354,23/12/2020,Worldwide,78948059,38.46,75.74,23257.9,585.69,12
355,22/12/2020,Worldwide,78251784,37.95,74.73,23823.2,637.47,12
356,21/12/2020,Worldwide,77590139,41.97,74.62,22728.5,607.85,12
357,20/12/2020,Worldwide,77049825,40.85,74.36,23474.9,638.26,12
358,19/12/2020,Worldwide,76517673,36.15,74.24,23844,658.17,12
359,18/12/2020,Worldwide,75892667,33.89,73.9,23127.9,653.85,12
360,17/12/2020,Worldwide,75171064,35.2,75.04,22825.4,643.17,12
361,16/12/2020,Worldwide,74429544,34.83,74.48,21352.2,637.38,12
362,15/12/2020,Worldwide,73697582,35.9,73.97,19434.9,588.91,12
363,14/12/2020,Worldwide,73045069,34.8,74.65,19273.8,586.19,12
364,13/12/2020,Worldwide,72513308,36.25,73.64,19176.8,591.09,12
365,12/12/2020,Worldwide,71983159,34.22,74.88,18808.9,567.78,12
366,11/12/2020,Worldwide,71341370,33.67,73.75,18023.6,544.17,12
367,10/12/2020,Worldwide,70632791,34.83,75.04,18247.2,558.13,12
368,09/12/2020,Worldwide,69129220,35.57,74.78,18546,573.21,12
369,08/12/2020,Worldwide,68457219,36.46,74.83,18326.6,555.05,12
370,07/12/2020,Worldwide,67804914,36.31,74.91,19170.7,591.09,12
371,06/12/2020,Worldwide,67289490,33.88,74.23,19379.9,601.68,12
372,05/12/2020,Worldwide,66752166,36.28,74.03,19146.5,596.68,12
373,04/12/2020,Worldwide,66102989,35.03,75.75,18658.1,567.91,12
374,03/12/2020,Worldwide,65415174,36.41,74.79,19433.3,616.32,12
375,02/12/2020,Worldwide,64718388,36.68,74.96,19218.8,598.05,12
376,01/12/2020,Worldwide,64063407,35.22,74.35,18770.7,585.66,12
377,30/11/2020,Worldwide,63443449,32.56,73.52,19698.1,615.92,11
378,29/11/2020,Worldwide,62939586,34.91,72.5,18185.5,575.45,11
379,28/11/2020,Worldwide,62449967,36.3,72.19,17730.7,537.74,11
380,27/11/2020,Worldwide,61859915,35.31,73.51,17127.1,518.11,11
381,26/11/2020,Worldwide,61177093,37.62,74.82,17162,519.32,11
382,25/11/2020,Worldwide,60587876,35.98,75.11,18723,569.67,11
383,24/11/2020,Worldwide,59948857,36.79,73.1,19152.6,605.03,11
384,23/11/2020,Worldwide,59355714,39.29,74.64,18379.6,609.22,11
385,22/11/2020,Worldwide,58833170,37.34,72.8,18412.9,559.4,11
386,21/11/2020,Worldwide,58344978,38.23,74.69,18687.2,551.91,11
387,20/11/2020,Worldwide,57754019,38.04,75.83,18675.2,509.98,11
388,19/11/2020,Worldwide,57081273,36.95,74.32,17803.5,471.21,11
389,18/11/2020,Worldwide,56426809,35.13,74.62,17774.6,478.52,11
390,17/11/2020,Worldwide,55799364,36.95,74,17662.3,481.95,11
391,16/11/2020,Worldwide,55186868,36.83,74.82,16715.8,460.43,11
392,15/11/2020,Worldwide,54657076,37.06,74.79,15953,448.23,11
393,14/11/2020,Worldwide,54181569,35.62,75.22,16071,460.7,11
394,13/11/2020,Worldwide,53582010,34.5,75.47,16324.2,476.29,11
395,12/11/2020,Worldwide,52928929,34.55,74.63,16294.7,462.56,11
396,11/11/2020,Worldwide,52282483,33.12,74.94,15695.8,463.33,11
397,10/11/2020,Worldwide,51630802,36.15,73.12,15303.6,450.22,11
398,09/11/2020,Worldwide,51065642,32.64,74.18,15327.2,444.33,11
399,08/11/2020,Worldwide,50600187,30.32,72.79,15483.7,454.68,11
400,07/11/2020,Worldwide,50115441,29.91,74.42,14828.4,435.4,11
401,06/11/2020,Worldwide,49513138,31.23,73.37,15577.9,455.72,11
402,05/11/2020,Worldwide,48867902,32.45,72.56,15587.1,416.63,11
403,04/11/2020,Worldwide,48270474,33.76,74.32,14145.6,402.19,11
404,03/11/2020,Worldwide,47671928,33.01,73.99,14019.9,387.92,11
405,02/11/2020,Worldwide,47151513,34.82,74.41,13561.4,383.53,11
406,01/11/2020,Worldwide,46648530,35.07,74.51,13759.4,396.29,11
407,31/10/2020,Worldwide,46176674,32.53,75.34,13797.3,386.42,10
408,30/10/2020,Worldwide,45688644,33.18,75.78,13559.9,382.41,10
409,29/10/2020,Worldwide,45121106,33.87,75.19,13457.2,386.76,10
410,28/10/2020,Worldwide,44582373,32.57,74.82,13278.9,388.14,10
411,27/10/2020,Worldwide,44063525,33,73.1,13657.8,403.15,10
412,26/10/2020,Worldwide,43591699,36.27,74.17,13061.6,394.11,10
413,25/10/2020,Worldwide,43151819,34.05,73.85,13032.2,406.09,10
414,24/10/2020,Worldwide,42751558,34.52,74.42,13117.2,411.92,10
415,23/10/2020,Worldwide,42295389,33.67,75.13,12934.1,408.52,10
416,22/10/2020,Worldwide,41788150,34.25,74.42,12974.6,414.05,10
417,21/10/2020,Worldwide,41315592,33.51,74.76,12808.7,391.2,10
418,20/10/2020,Worldwide,40871440,34.55,73.16,11913.5,368.35,10
419,19/10/2020,Worldwide,40482259,33.98,73.41,11753.4,379.19,10
420,18/10/2020,Worldwide,40095807,34.27,72.59,11506.9,377.81,10
421,17/10/2020,Worldwide,39778821,35.58,74.08,11362.1,368.63,10
422,16/10/2020,Worldwide,39403962,36.02,74.81,11322,365.17,10
423,15/10/2020,Worldwide,38992046,34.18,74.79,11503,377.45,10
424,14/10/2020,Worldwide,38584432,34.54,74.21,11420.4,379.15,10
425,13/10/2020,Worldwide,38202753,32.82,72.71,11423.8,381.23,10
426,12/10/2020,Worldwide,37884339,33.05,72.37,11533.9,386.68,10
427,11/10/2020,Worldwide,37592416,34.23,71.91,11371,374.19,10
428,10/10/2020,Worldwide,37304304,34.75,75.2,11298.4,370.16,10
429,09/10/2020,Worldwide,36946320,36.06,74.29,11054.2,365.28,10
430,08/10/2020,Worldwide,36584800,34.21,74.88,10924.1,350.83,10
431,07/10/2020,Worldwide,36222998,35.3,74.19,10670.9,341.48,10
432,06/10/2020,Worldwide,35872843,36.47,75.25,10602.6,340.61,10
433,05/10/2020,Worldwide,35541978,40.18,75.2,10789.5,353.28,10
434,04/10/2020,Worldwide,35246839,41.73,75.09,10672.9,352.73,10
435,03/10/2020,Worldwide,34972246,41.12,75.78,10544.2,345.6,10
436,02/10/2020,Worldwide,34651864,32.07,74.66,10572.3,345.68,10
437,01/10/2020,Worldwide,34345823,31.27,73.89,10620.5,353.07,10
438,30/09/2020,Worldwide,34032675,32.2,73.76,10776.1,359.39,9
439,29/09/2020,Worldwide,33707177,30.14,71.41,10840.9,359.86,9
440,28/09/2020,Worldwide,33423619,30.12,71.18,10693.2,354.08,9
441,27/09/2020,Worldwide,33171595,29.95,71.96,10776.2,357.23,9
442,26/09/2020,Worldwide,32916432,31.36,73.11,10727.9,354.25,9
443,25/09/2020,Worldwide,32626799,31.2,74.08,10688.8,351.63,9
444,24/09/2020,Worldwide,32290756,31.08,72.52,10739.4,349.17,9
445,23/09/2020,Worldwide,31936698,32.89,74.66,10237.3,319.95,9
446,22/09/2020,Worldwide,31661969,30.44,72.33,10531.5,344.03,9
447,21/09/2020,Worldwide,31376732,28.34,70.1,10416.8,341.3,9
448,20/09/2020,Worldwide,31102125,26.75,70.27,10921.5,371.12,9
449,19/09/2020,Worldwide,30848411,31.78,74.03,11081.8,385.25,9
450,18/09/2020,Worldwide,30554910,31.01,74.54,10933,384.2,9
451,17/09/2020,Worldwide,30228680,31.66,75.02,10941.3,388.97,9
452,16/09/2020,Worldwide,29913636,31.09,74.2,10949.5,364.88,9
453,15/09/2020,Worldwide,29609731,31.23,73.06,10785.3,364.01,9
454,14/09/2020,Worldwide,29240592,31.98,72.89,10675.3,376.7,9
455,13/09/2020,Worldwide,29062136,31.85,70.87,10326,365.71,9
456,12/09/2020,Worldwide,28818799,31.49,73.27,10441.9,387.98,9
457,11/09/2020,Worldwide,28530929,31.95,74.15,10390.2,373.72,9
458,10/09/2020,Worldwide,28209478,31.94,74.1,10339.7,367.92,9
459,09/09/2020,Worldwide,27910404,32.9,73.99,10224.6,351.1,9
460,08/09/2020,Worldwide,27616461,32.08,70.77,10126.6,337.46,9
461,07/09/2020,Worldwide,27378905,30.25,72.03,10376.9,352.06,9
462,06/09/2020,Worldwide,27165431,31.51,71.67,10296.4,353.49,9
463,05/09/2020,Worldwide,26926406,32.78,73.18,10092.2,334.91,9
464,04/09/2020,Worldwide,26655365,33.43,74.68,10472.5,385.94,9
465,03/09/2020,Worldwide,26349129,33.05,74.74,10168.8,381.97,9
466,02/09/2020,Worldwide,26074861,32.81,74.49,11413.3,439.08,9
467,01/09/2020,Worldwide,25792628,33.48,73.64,11914.9,475.8,9
468,31/08/2020,Worldwide,25525749,32.06,73.8,11644.2,433.9,8
469,30/08/2020,Worldwide,25263546,30.93,69.7,11702,428.86,8
470,29/08/2020,Worldwide,25041982,32.04,73.19,11468.1,398.8,8
471,28/08/2020,Worldwide,24775299,31.45,74.53,11527.4,395.11,8
472,27/08/2020,Worldwide,24491350,32.37,74.12,11327.4,383.11,8
473,26/08/2020,Worldwide,24209657,34.14,74.95,11462.3,385.96,8
474,25/08/2020,Worldwide,23929121,34.44,73.98,11324.8,383.2,8
475,24/08/2020,Worldwide,23684713,34.27,74.2,11753.5,407.7,8
476,23/08/2020,Worldwide,23460348,34.87,72.22,11641.6,390.5,8
477,22/08/2020,Worldwide,23242522,34.47,74.17,11661.3,395.56,8
478,21/08/2020,Worldwide,22987510,33.33,73.47,11529.2,387.99,8
479,20/08/2020,Worldwide,22725661,33.6,73.65,11856.9,416.05,8
480,19/08/2020,Worldwide,22452451,34.74,74,11750.2,407.44,8
481,18/08/2020,Worldwide,22176832,34.49,72.65,11947.6,422.16,8
482,17/08/2020,Worldwide,21920708,35.5,73.69,12282.6,430.56,8
483,16/08/2020,Worldwide,21714146,35.55,72.82,11899,433.63,8
484,15/08/2020,Worldwide,21498068,34.96,74.13,11845.3,432.18,8
485,14/08/2020,Worldwide,21244470,35.98,73.82,11750.8,438.03,8
486,13/08/2020,Worldwide,20942405,35.41,73.87,11770.9,424.31,8
487,12/08/2020,Worldwide,20663802,35.3,73.99,11557.2,387.12,8
488,11/08/2020,Worldwide,20380746,34.98,73.07,11390.4,379.01,8
489,10/08/2020,Worldwide,20119063,37.05,75.1,11889.2,395.53,8
490,09/08/2020,Worldwide,19895082,36.24,72.45,11681.2,390.23,8
491,08/08/2020,Worldwide,19667032,36.32,74.19,11764.3,396.76,8
492,07/08/2020,Worldwide,19406765,36.78,75.02,11592,379.57,8
493,06/08/2020,Worldwide,19122488,36.69,74.5,11757.1,394.83,8
494,05/08/2020,Worldwide,18839290,35.49,74.59,11735.1,400.79,8
495,04/08/2020,Worldwide,18561976,36.15,73.06,11184.7,389.62,8
496,03/08/2020,Worldwide,18307606,40.42,72,11224.4,385.8,8
497,02/08/2020,Worldwide,18100166,35.98,73.24,11066.8,372.08,8
498,01/08/2020,Worldwide,17868412,37.84,75.81,11803.1,387.14,8
499,31/07/2020,Worldwide,17616274,38.55,74.7,11333.4,346.51,7
500,30/07/2020,Worldwide,17325468,38.67,74.8,11096.2,334.87,7
501,29/07/2020,Worldwide,17044699,39.02,75.09,11105.9,317.82,7
502,28/07/2020,Worldwide,16708292,40.12,73.52,10908.5,316.96,7
503,27/07/2020,Worldwide,16506646,39.05,72.92,11022.8,321.8,7
504,26/07/2020,Worldwide,16272148,39.59,71.83,9932.5,311.13,7
505,25/07/2020,Worldwide,16064902,37.45,74.39,9704.1,305.32,7
506,24/07/2020,Worldwide,15809604,39.49,74.39,9546.4,279.33,7
507,23/07/2020,Worldwide,15526856,37.3,73.87,9599.6,275.34,7
508,22/07/2020,Worldwide,15244018,38.28,73.86,9513.7,263.28,7
509,21/07/2020,Worldwide,14964330,37.49,72.18,9387.3,245.53,7
510,20/07/2020,Worldwide,14723354,40.21,72.71,9162.4,236.1,7
511,19/07/2020,Worldwide,14524232,38.51,71.25,9208,239.01,7
512,18/07/2020,Worldwide,14309309,38.55,73.66,9170.2,235.75,7
513,17/07/2020,Worldwide,14071236,37.78,73.69,9155.8,232.75,7
514,16/07/2020,Worldwide,13820369,38.68,73.4,9135.3,233.65,7
515,15/07/2020,Worldwide,13571434,38.75,73.55,9198.7,238.62,7
516,14/07/2020,Worldwide,13339979,38.07,71.74,9253.4,240.5,7
517,13/07/2020,Worldwide,13120800,41.92,72.09,9243.6,239.73,7
518,12/07/2020,Worldwide,12929057,40.6,70.42,9300.8,242.75,7
519,11/07/2020,Worldwide,12734660,37.83,72.26,9233.3,239.2,7
520,10/07/2020,Worldwide,12515019,37.56,74.03,9285.1,241.26,7
521,09/07/2020,Worldwide,12283504,38.5,72.34,9235.7,242.02,7
522,08/07/2020,Worldwide,12059787,39.28,73.08,9429.9,246.99,7
523,07/07/2020,Worldwide,11846382,39.19,72.98,9256,239.25,7
524,06/07/2020,Worldwide,11637936,41.99,72.42,9339,241.56,7
525,05/07/2020,Worldwide,11469172,40.89,70.51,9081,227.98,7
526,04/07/2020,Worldwide,11286162,38.9,73.17,9134.4,229.15,7
527,03/07/2020,Worldwide,11090632,38.44,72.67,9067.1,225.12,7
528,02/07/2020,Worldwide,10885403,38.61,72.9,9085.1,226.42,7
529,01/07/2020,Worldwide,10706642,38.38,72.17,9229.9,230.95,7
530,30/06/2020,Worldwide,10489964,39.35,73.18,9135.4,225.63,6
531,29/06/2020,Worldwide,10313839,41.29,70.5,9185.4,227.87,6
532,28/06/2020,Worldwide,10161038,40.73,69.32,9124,225.09,6
533,27/06/2020,Worldwide,9990892,39.05,72.77,9008.3,221.06,6
534,26/06/2020,Worldwide,9812554,39.17,73.88,9160,229.67,6
535,25/06/2020,Worldwide,9620501,38.79,72.89,9247.5,232.56,6
536,24/06/2020,Worldwide,9441238,37.62,71.54,9302,234.75,6
537,23/06/2020,Worldwide,9271933,38.58,71.29,9624.6,243.2,6
538,22/06/2020,Worldwide,9105267,41.69,69.86,9683.7,243.25,6
539,21/06/2020,Worldwide,8962068,39.31,70.07,9296.4,228.13,6
540,20/06/2020,Worldwide,8797689,37.84,72.28,9358.8,228.86,6
541,19/06/2020,Worldwide,8673796,36.71,73.23,9314,229.11,6
542,18/06/2020,Worldwide,8493969,37.34,74.17,9388.1,231.34,6
543,17/06/2020,Worldwide,8354600,38.8,73.28,9464.6,233.88,6
544,16/06/2020,Worldwide,8176194,39.23,73.19,9523.5,235.36,6
545,15/06/2020,Worldwide,8036834,41.09,70.21,9425.4,230.93,6
546,14/06/2020,Worldwide,7904747,41.45,68.34,9345.3,232.02,6
547,13/06/2020,Worldwide,7770657,38.8,73.51,9471.3,238.22,6
548,12/06/2020,Worldwide,7636651,37.76,73.72,9466.6,237.54,6
549,11/06/2020,Worldwide,7517644,37.19,74.33,9283.2,230.71,6
550,10/06/2020,Worldwide,7364298,38,72.95,9878.8,247.78,6
551,09/06/2020,Worldwide,7245325,38.83,73.27,9768.8,243.82,6
552,08/06/2020,Worldwide,7122009,41.1,68.22,9777.9,246.18,6
553,07/06/2020,Worldwide,7014885,39.33,70.94,9742.6,244.56,6
554,06/06/2020,Worldwide,6900365,38.58,73.41,9669.6,242,6
555,05/06/2020,Worldwide,6774338,39.2,73.81,9631.2,240.23,6
556,04/06/2020,Worldwide,6636911,38.31,73.99,9794.4,243.37,6
557,03/06/2020,Worldwide,6508700,37.42,73.95,9667.2,244.52,6
558,02/06/2020,Worldwide,6390059,39.1,73.22,9527.6,237.94,6
559,01/06/2020,Worldwide,6268959,42.1,71.41,10189.3,247.97,6
560,31/05/2020,Worldwide,6170046,40.92,71.09,9454.8,231.81,5
561,30/05/2020,Worldwide,6062303,41.21,76.43,9692.5,243.63,5
562,29/05/2020,Worldwide,5927447,44.14,75.71,9424.8,220.66,5
563,28/05/2020,Worldwide,5811993,44.25,76.82,9572.2,220.18,5
564,27/05/2020,Worldwide,5695242,45.54,75.54,9199.1,208.18,5
565,26/05/2020,Worldwide,5592435,49.93,72.73,8842.5,201,5
566,25/05/2020,Worldwide,5498168,52.75,75.54,8898.2,204.13,5
567,24/05/2020,Worldwide,5410890,50.74,71.87,8728.2,199.97,5
568,23/05/2020,Worldwide,5313489,45.82,76.27,9177,206.62,5
569,22/05/2020,Worldwide,5214423,45.61,77.07,9169.7,207.35,5
570,21/05/2020,Worldwide,5105875,47.3,77.35,9059,198.75,5
571,20/05/2020,Worldwide,4999769,47.03,76.61,9512.3,209.99,5
572,19/05/2020,Worldwide,4900867,47.82,77.17,9773.3,214.51,5
573,18/05/2020,Worldwide,4805621,53.11,75.24,9730.7,214.87,5
574,17/05/2020,Worldwide,4717489,45.89,75.03,9677.7,207,5
575,16/05/2020,Worldwide,4637049,46.84,76.13,9379.5,200.51,5
576,15/05/2020,Worldwide,4545355,48.27,80.09,9318,194.85,5
577,14/05/2020,Worldwide,4444830,48.57,77.76,9778.4,203.3,5
578,13/05/2020,Worldwide,4350438,48.66,76.53,9298.7,199.58,5
579,12/05/2020,Worldwide,4264821,49.35,77.23,8813.8,189.84,5
580,11/05/2020,Worldwide,4179851,58.41,76.58,8579.8,185.96,5
581,10/05/2020,Worldwide,4104732,52.21,72.71,8738.8,187.78,5
582,09/05/2020,Worldwide,4026683,47.69,77.44,9554.6,210.22,5
583,08/05/2020,Worldwide,3941433,47.97,79.37,9806.2,211.45,5
584,07/05/2020,Worldwide,3849617,50.05,78.88,9979.8,212,5
585,06/05/2020,Worldwide,3759089,49.84,78.46,9151.4,199.04,5
586,05/05/2020,Worldwide,3665288,51.32,77.92,9001,205.36,5
587,04/05/2020,Worldwide,3585871,57.65,77.25,8874.7,206.61,5
588,03/05/2020,Worldwide,3510040,50.75,76.86,8885.5,209.83,5
589,02/05/2020,Worldwide,3432348,49.39,81.52,8966.3,213.96,5
590,01/05/2020,Worldwide,3348881,49.1,79.27,8821.6,212,5
591,30/04/2020,Worldwide,3261091,50.79,78.5,8629,206.22,4
592,29/04/2020,Worldwide,3197917,51.48,80.74,8770.9,215.4,4
593,28/04/2020,Worldwide,3119343,51.2,79.58,7746.9,196.55,4
594,27/04/2020,Worldwide,3044175,57.88,78.13,7766,196.14,4
595,26/04/2020,Worldwide,2973745,54.28,74.92,7678.9,197.35,4
596,25/04/2020,Worldwide,2899489,53.46,80.73,7540.4,194.01,4
597,24/04/2020,Worldwide,2812627,52.84,79.93,7503.8,187.58,4
598,23/04/2020,Worldwide,2709780,53.04,79,7488.5,185.46,4
599,22/04/2020,Worldwide,2629886,54.26,80.13,7112.9,182.72,4
600,21/04/2020,Worldwide,2550664,53.99,79.43,6842.5,170.79,4
601,20/04/2020,Worldwide,2473383,61.16,79.33,6833.5,170.4,4
602,19/04/2020,Worldwide,2402876,61.29,77.77,7122.9,180.13,4
603,18/04/2020,Worldwide,2322894,56.62,80.04,7230.8,187.45,4
604,17/04/2020,Worldwide,2241542,55.79,80.07,7035.8,170.63,4
605,16/04/2020,Worldwide,2153697,56,81.01,7085.6,172.31,4
606,15/04/2020,Worldwide,2057289,56.55,80.19,6629.1,152.9,4
607,14/04/2020,Worldwide,1976393,57.9,80.27,6850.9,158.45,4
608,13/04/2020,Worldwide,1905180,63.99,79.42,6841.3,156.38,4
609,12/04/2020,Worldwide,1834883,64.54,79.41,6917.6,158.73,4
610,11/04/2020,Worldwide,1735905,62.26,79.76,6867.8,158.18,4
611,10/04/2020,Worldwide,1657671,58.37,82.95,6863.1,157.86,4
612,09/04/2020,Worldwide,1564378,56.77,81.75,7289,169.68,4
613,08/04/2020,Worldwide,1480597,57.33,82.39,7361.2,173,4
614,07/04/2020,Worldwide,1395318,59.18,81.17,7185.2,164.71,4
615,06/04/2020,Worldwide,1322066,68.46,79.84,7332.3,171.06,4
616,05/04/2020,Worldwide,1249589,66.34,78.73,6772.7,142.58,4
617,04/04/2020,Worldwide,1177421,60.11,81.4,6857.4,144.01,4
618,03/04/2020,Worldwide,1096794,58.45,82.59,6735.9,141.14,4
619,02/04/2020,Worldwide,1013290,56.45,81.19,6800.5,141.3,4
620,01/04/2020,Worldwide,932861,55.95,81.1,6638.5,135.66,4
621,31/03/2020,Worldwide,857801,58.16,82.31,6412.5,132.86,3
622,30/03/2020,Worldwide,782710,69.27,81.45,6391,132.15,3
623,29/03/2020,Worldwide,720366,66.2,80.99,5890.4,125.24,3
624,28/03/2020,Worldwide,663428,59.03,83.93,6233.7,131.03,3
625,27/03/2020,Worldwide,593766,59.51,82.12,6373.4,131.74,3
626,26/03/2020,Worldwide,530113,59.5,81.68,6725.1,138.38,3
627,25/03/2020,Worldwide,467989,60.07,82.2,6678.9,136.07,3
628,24/03/2020,Worldwide,418250,58.66,80.8,6744.6,138.62,3
629,23/03/2020,Worldwide,378951,68.87,82.61,6468.9,136.02,3
630,22/03/2020,Worldwide,338488,66.59,78.7,5822.1,122.41,3
631,21/03/2020,Worldwide,303819,56.92,79.88,6186.2,132.58,3
632,20/03/2020,Worldwide,271444,55.71,78.2,6205.3,133.32,3
633,19/03/2020,Worldwide,241874,52.98,77.86,6172,135.43,3
634,18/03/2020,Worldwide,214244,52.11,76.57,5361.4,117.77,3
635,17/03/2020,Worldwide,196601,50.22,75.58,5261.1,116.06,3
636,16/03/2020,Worldwide,181025,61.16,78.98,5030,111.02,3
637,15/03/2020,Worldwide,167002,55.88,75.51,5366.3,124.35,3
638,14/03/2020,Worldwide,155858,47.08,66.99,5182.7,122.69,3
639,13/03/2020,Worldwide,144973,41.48,65.37,5584.3,133.99,3
640,12/03/2020,Worldwide,128192,33.27,64.62,4826,107.9,3
641,11/03/2020,Worldwide,125713,31.24,61.62,7935.1,194.58,3
642,10/03/2020,Worldwide,118472,28.57,60.74,7891.2,200.56,3
643,09/03/2020,Worldwide,113673,29.85,61.18,7933,202.85,3
644,08/03/2020,Worldwide,109725,28.3,58.12,8034.1,199.16,3
645,07/03/2020,Worldwide,105754,24.68,57.43,8887.8,237.32,3
646,06/03/2020,Worldwide,101693,21.96,57.05,9134.8,244.9,3
647,05/03/2020,Worldwide,97891,22.19,55.65,9060.3,228.45,3
648,04/03/2020,Worldwide,95080,21.12,55.2,8757.9,224.38,3
649,03/03/2020,Worldwide,92829,19.7,54.71,8761.4,223.94,3
650,02/03/2020,Worldwide,90284,20.38,57.26,8904.8,231.87,3
651,01/03/2020,Worldwide,88345,17.23,54.89,8540,217.99,3
652,29/02/2020,Worldwide,85992,18.5,53.28,8543.7,217.52,2
653,28/02/2020,Worldwide,84106,15.64,48.77,8697.5,226.93,2
654,27/02/2020,Worldwide,82737,14.23,46.31,8818.6,227.53,2
655,26/02/2020,Worldwide,81380,11.63,43,8800.3,224.3,2
656,25/02/2020,Worldwide,80398,12.77,41.51,9317.2,246.96,2
657,24/02/2020,Worldwide,79552,12.02,41.22,9662.7,265.65,2
658,23/02/2020,Worldwide,78963,9.27,36.84,9942.7,274.72,2
659,22/02/2020,Worldwide,78577,9.96,35.43,9655.7,261.64,2
660,21/02/2020,Worldwide,76821,8.7,36.01,9684.5,265.11,2
661,20/02/2020,Worldwide,76177,8.77,36.49,9602.4,257.39,2
662,19/02/2020,Worldwide,75619,10.43,39.91,9609.4,259.12,2
663,18/02/2020,Worldwide,75116,11.26,39.55,10158.4,282.26,2
664,17/02/2020,Worldwide,73238,10.16,40.06,9701.4,267.63,2
665,16/02/2020,Worldwide,71204,8.86,37.67,9932.3,259.99,2
666,15/02/2020,Worldwide,69011,9.11,37.85,9907.7,264.87,2
667,14/02/2020,Worldwide,66868,9.89,39.8,10333,285.25,2
668,13/02/2020,Worldwide,60351,9.25,38.66,10235.1,268.75,2
669,12/02/2020,Worldwide,45204,8.95,38.07,10317.7,265.58,2
670,11/02/2020,Worldwide,44785,9.83,37.24,10229.5,236.76,2
671,10/02/2020,Worldwide,42745,10.38,41.74,9854.1,222.95,2
672,09/02/2020,Worldwide,40135,9.45,39.66,10151.5,228.59,2
673,08/02/2020,Worldwide,37105,8.83,39.45,9895.5,223.23,2
674,07/02/2020,Worldwide,34380,9.31,37.3,9818.6,223.51,2
675,06/02/2020,Worldwide,30806,10.44,37.66,9772,213.16,2
676,05/02/2020,Worldwide,27624,10.5,37.03,9611.8,203.83,2
677,04/02/2020,Worldwide,23882,11.12,38.57,9193.9,188.93,2
678,03/02/2020,Worldwide,19873,12.33,45.81,9296.6,189.79,2
679,02/02/2020,Worldwide,16779,10.41,42.32,9334.9,188.5,2
680,01/02/2020,Worldwide,12030,11.27,40.39,9381.6,183.64,2
681,31/01/2020,Worldwide,9917,9.85,37.71,9349.1,179.91,1
682,30/01/2020,Worldwide,8227,9.82,36.28,9507.3,184.59,1
683,29/01/2020,Worldwide,6158,9.06,34.2,9298.9,173.86,1
684,28/01/2020,Worldwide,5574,7.79,31.94,9377.3,175.74,1
685,27/01/2020,Worldwide,2923,8.93,37.63,8866.6,170.27,1
686,26/01/2020,Worldwide,2114,7.91,31.91,8607.8,167.9,1
687,25/01/2020,Worldwide,1434,6.21,28.89,8341.6,160.44,1
688,24/01/2020,Worldwide,941,5.36,24.7,8439.9,162.55,1
689,23/01/2020,Worldwide,1097,4.27,21.91,8405.1,162.8,1
690,22/01/2020,Worldwide,0,3.27,19.85,8678.5,168.13,1
691,21/01/2020,Worldwide,0,1.26,12.96,8732.6,169.41,1
692,20/01/2020,Worldwide,0,0.86,13.62,8641.9,166.87,1
693,19/01/2020,Worldwide,0,0.77,11.44,8706.2,166.92,1
694,18/01/2020,Worldwide,0,0.49,9.31,8916.3,174.19,1
695,17/01/2020,Worldwide,0,0.25,5.99,8913.1,170.22,1
696,16/01/2020,Worldwide,0,0.16,4.68,8726.9,164.36,1
697,15/01/2020,Worldwide,0,0.12,3.3,8818.3,166.45,1
698,14/01/2020,Worldwide,0,0.16,4.27,8829.2,166.07,1
699,13/01/2020,Worldwide,0,0.15,3.1,8111.4,143.6,1
700,12/01/2020,Worldwide,0,0.39,8.19,8187.6,146.46,1
701,11/01/2020,Worldwide,0,0.05,1.88,8024.1,142.67,1
702,10/01/2020,Worldwide,0,0.21,6.1,8187.1,144.81,1
703,09/01/2020,Worldwide,0,0.02,0.95,7842.4,137.92,1
704,08/01/2020,Worldwide,0,0.02,0.66,8059.6,140.81,1
705,07/01/2020,Worldwide,0,0.05,1.59,8155.7,143.04,1
706,06/01/2020,Worldwide,0,0.04,1.19,7759.1,144.08,1
707,05/01/2020,Worldwide,0,0.02,0.67,7372.5,135.59,1
708,04/01/2020,Worldwide,0,0.03,1.07,7376.8,134.33,1
709,03/01/2020,Worldwide,0,0,0.2,7343.1,134.27,1
710,02/01/2020,Worldwide,0,0.01,0.3,6967,127.19,1
711,01/01/2020,Worldwide,0,0,0.09,7199.8,130.75,1
