date,MHI,btc_price,dailycases,sentiment_index
2021-12-26,25.24,50779.9,714262,-26.09
2021-12-25,25.87,50406.4,714262,-23.53
2021-12-24,23.91,50786.1,714262,-14.49
2021-12-23,24.34,50801.1,983304,-15.23
2021-12-22,22.33,48599.7,912305,-17.47
2021-12-21,21.81,48902,786528,-18.15
2021-12-20,23.15,46895.2,792318,-18.34
2021-12-19,20.6,46704.5,468763,-14.07
2021-12-18,20.83,46856.2,565609,-10.48
2021-12-17,19.59,46172.2,697407,-7.75
2021-12-16,19.34,47628.2,741190,-4.57
2021-12-15,17.59,48871.5,739250,-2.43
2021-12-14,16.7,48366.5,680605,-1.57
2021-12-13,14.64,46703.6,638442,-8.86
2021-12-12,13.5,49225,431989,-9.01
2021-12-11,15.5,49314.5,488875,-13.71
2021-12-10,16.26,47137.2,691958,-13.14
2021-12-09,16.57,47596.6,713518,-14.71
2021-12-08,15.52,50473.9,672798,-14.57
2021-12-07,17.14,50595.2,698062,-17.3
2021-12-06,15.19,50562.1,595576,-10.38
2021-12-05,15.55,49405.5,436740,-22.01
2021-12-04,18.35,49195.2,507182,-21.05
2021-12-03,18.25,53631.5,708272,-24.3
2021-12-02,18.12,56496,700369,-25.06
2021-12-01,18.73,57210.3,707804,-23.74
2021-11-30,20.23,56882.9,630751,-21.11
2021-11-29,17.62,57794.8,667013,-20.8
2021-11-28,18.67,57291.5,406185,-20.33
2021-11-27,19.39,54765.9,450810,-16.5
2021-11-26,15.17,53730.9,585691,-13.83
2021-11-25,14.91,58935.1,598363,-12.77
2021-11-24,13.49,57171.7,671442,-13.78
2021-11-23,15.03,57573.2,615830,-14.02
2021-11-22,13.98,56308.8,625007,-13.16
2021-11-21,13.48,58714.3,396470,-4.41
2021-11-20,15.62,59717.6,476946,1.53
2021-11-19,14.61,58083.4,609835,1.08
2021-11-18,14.35,56955.3,613981,0.18
2021-11-17,14.6,60367.8,626368,-0.23
2021-11-16,16.07,60089.1,527757,0.06
2021-11-15,13.99,63597.9,544968,-0.21
2021-11-14,11.07,65508.2,351769,2.68
2021-11-13,14.58,64398.6,428679,3.86
2021-11-12,14.11,64134.5,583873,5.01
2021-11-11,15.18,64806.7,517995,4.32
2021-11-10,15.7,64932.6,577169,5.15
2021-11-09,15.77,66904.4,489340,5.36
2021-11-08,13.87,67527.9,478511,5.36
2021-11-07,12.36,63273.2,347188,-4.62
2021-11-06,16.81,61483.9,414397,-3.11
2021-11-05,17.47,60974.3,509750,-4.24
2021-11-04,17.49,61412.6,527682,-3.07
2021-11-03,14.5,62918.5,522889,-3.69
2021-11-02,16.27,63221.7,433562,-3.02
2021-11-01,16.45,60915.3,423065,-3.32
2021-10-31,15.64,61309.6,320856,5.63
2021-10-30,18.85,61840.1,381963,5.28
2021-10-29,15.74,62242.8,504765,5.6
2021-10-28,16.06,60582.5,453155,5.75
2021-10-27,15.99,58438.1,512444,6.24
2021-10-26,15.26,60310.8,448774,5.06
2021-10-25,13.32,63067,431014,4.44
2021-10-24,14.23,60866.5,316082,3.75
2021-10-23,16.56,61312.5,360248,2.48
2021-10-22,15.79,60690.3,479033,3.58
2021-10-21,16.56,62210.2,457112,2.9
2021-10-20,16.52,65979.1,471326,1.72
2021-10-19,16.02,64278.5,448561,1.98
2021-10-18,13.54,62056.3,414762,3.26
2021-10-17,14.5,61527.5,313290,-5.75
2021-10-16,16.33,60861.1,337228,-8.07
2021-10-15,17.06,61672.5,450845,-7.92
2021-10-14,18.06,57345.8,445509,-6.16
2021-10-13,15.85,57380.1,463881,-4.93
2021-10-12,16.04,56015.9,438091,-5.3
2021-10-11,13.34,57477.3,381997,-6.94
2021-10-10,13.99,54687.7,314929,2.7
2021-10-09,16.7,54942.5,332211,-2.11
2021-10-08,16.84,53914.7,468277,-4.03
2021-10-07,17.02,53783.9,431868,-17.81
2021-10-06,16.08,55323.2,513617,-18.26
2021-10-05,15.77,51469.3,426726,-20.89
2021-10-04,14.29,49227.3,444529,-20.15
2021-10-03,16.88,48200.1,306398,-21.98
2021-10-02,18.76,47666.9,346612,-14.71
2021-10-01,17.36,48146,534173,-16.57
2021-09-30,18.6,43823.3,479189,-4.57
2021-09-29,18.53,41536.8,501927,-4.57
2021-09-28,18.83,41022.3,461198,-1.71
2021-09-27,13.13,42172.6,472649,-1.57
2021-09-26,15.12,43203.4,348332,0.43
2021-09-25,18.97,42686.8,367157,1.29
2021-09-24,17.96,42819.9,529859,3.28
2021-09-23,18.56,44869.2,512026,3.8
2021-09-22,19.32,43551.6,534267,3.56
2021-09-21,18.46,40651.3,490497,3.48
2021-09-20,14.84,42870.6,534073,3.71
2021-09-19,17.28,47238.7,360845,2.82
2021-09-18,19.81,48306.7,537012,0.66
2021-09-17,20.21,47282.8,588269,-7
2021-09-16,19.93,47748,577595,-6.71
2021-09-15,20.48,48130.6,566436,-6.57
2021-09-14,18.6,47077.5,557172,-5.86
2021-09-13,16.66,44949.5,601286,-5.14
2021-09-12,16.96,46062.3,368253,-15.71
2021-09-11,21.41,45161.9,456525,-24.71
2021-09-10,20.88,44842.8,627617,-15.28
2021-09-09,19.85,46385.6,639557,-16.3
2021-09-08,19.64,46061.4,632086,-16.27
2021-09-07,18.76,46779.6,729619,-17.44
2021-09-06,19.66,52672.1,440511,-18.43
2021-09-05,19.19,51768.6,440074,-15.88
2021-09-04,21.78,49918.4,484679,-17.59
2021-09-03,19.09,49999,710711,-31.61
2021-09-02,20.77,49274.3,677762,-31.73
2021-09-01,19.94,48819.4,725720,-32.42
2021-08-31,20.62,47130.4,627516,-32.46
2021-08-30,18.67,46992.7,686543,-33.86
2021-08-29,20.94,48777.4,446574,-25.89
2021-08-28,21.82,48897.1,547361,-23.57
2021-08-27,21.62,49064.3,738787,-13.39
2021-08-26,22.59,46831.6,735595,-13.1
2021-08-25,22.85,48994.5,729604,-12.36
2021-08-24,23.68,47714.7,694748,-11.95
2021-08-23,19.85,49539.7,704484,-17.62
2021-08-22,19.52,49254.5,446563,-23.37
2021-08-21,23.98,48875.8,540147,-25.6
2021-08-20,20.93,49324,782660,-24.57
2021-08-19,22.38,46755.9,715365,-25.06
2021-08-18,23.5,44723.8,726652,-25.14
2021-08-17,20.73,44691.6,692449,-26.89
2021-08-16,20.26,45996.3,678629,-19.69
2021-08-15,20.03,46991.3,464021,-11.74
2021-08-14,23.71,47081.5,533900,-0.59
2021-08-13,23.15,47809.1,805711,2.08
2021-08-12,23.62,44403.4,699546,3.16
2021-08-11,24.05,45564.3,731527,2.73
2021-08-10,23.32,45593.8,656938,3.93
2021-08-09,25.93,46284.3,653832,4.11
2021-08-08,24.56,43792.8,441592,-8.67
2021-08-07,23.25,44614.2,550887,-20.43
2021-08-06,23.78,42795.4,821817,-21.61
2021-08-05,23.66,40867.2,681172,-21.88
2021-08-04,23.11,39736.9,675227,-21.34
2021-08-03,23.7,38130.3,645395,-20.75
2021-08-02,24.96,39168.4,578073,-21.47
2021-08-01,23.61,39878.3,481301,-12.02
2021-07-31,23.71,41553.7,510128,-14.02
2021-07-30,23.24,42203.4,723099,-13.91
2021-07-29,23.88,40001.4,651910,-13.91
2021-07-28,21.81,40003.2,643277,-14.18
2021-07-27,23.58,39452,619479,-15.41
2021-07-26,25.35,37276.6,540372,-27.27
2021-07-25,25.38,35391.1,445293,-23.78
2021-07-24,25.12,33824.8,415205,-11.49
2021-07-23,23.87,33603.3,737361,-11.36
2021-07-22,23.05,32298.9,563323,-11.43
2021-07-21,21.91,32131.4,560134,-13.79
2021-07-20,23.7,29793.8,539179,-12.29
2021-07-19,23.77,30837.2,496529,-2.08
2021-07-18,22.7,31785.4,431019,-15.67
2021-07-17,22.36,31518.6,473948,-26.17
2021-07-16,21.2,31394,598288,-27.18
2021-07-15,21.15,31840.5,564225,-37.36
2021-07-14,21.49,32820.7,539764,-35.07
2021-07-13,22.23,32728.1,529640,-34.79
2021-07-12,20.16,33113,436692,-33.18
2021-07-11,19.18,34227.7,370527,-20.94
2021-07-10,20.31,33510.6,427057,-10
2021-07-09,20.55,33797.4,507480,-6.71
2021-07-08,18.88,32866.3,471525,4.42
2021-07-07,18.36,33867.8,463534,4.41
2021-07-06,21.65,34225.6,462234,4.36
2021-07-05,21.26,33687.8,369569,3.8
2021-07-04,18.75,35298.2,328519,5.7
2021-07-03,20.01,34742.8,376657,-1.3
2021-07-02,20.68,33813.4,441272,-5.46
2021-07-01,19.7,33543.6,427941,-6.59
2021-06-30,20.36,35026.9,400242,-6.59
2021-06-29,20.85,35834.7,389508,-7.26
2021-06-28,20.21,34475.9,328344,-5.94
2021-06-27,21.16,34678.5,311489,-9.27
2021-06-26,20.58,32243.4,365993,-1.29
2021-06-25,19.33,31594,421947,0.86
2021-06-24,19.71,34665.8,394108,1.85
2021-06-23,20.3,33674.3,399905,1.63
2021-06-22,20.73,32496.4,420587,0.66
2021-06-21,17.81,31692,293683,0.91
2021-06-20,21.22,35595.8,302396,2.79
2021-06-19,22.41,35513.4,349455,2.07
2021-06-18,20.58,35749.4,406888,-9.87
2021-06-17,20.6,38052,381949,-10.8
2021-06-16,21.74,38336,389876,-10.71
2021-06-15,21.05,40156.1,390839,-9.81
2021-06-14,25.27,40529.4,307382,-9.24
2021-06-13,22.8,39022.9,303676,-9.14
2021-06-12,23.39,35467.5,372856,-8.26
2021-06-11,22.55,37314.6,420949,5.19
2021-06-10,22.26,36649.4,438078,4.89
2021-06-09,20.29,37332.2,419060,5.59
2021-06-08,20.84,33382.9,379789,5.39
2021-06-07,20.61,33578,320592,-2.37
2021-06-06,20.57,35815.4,323298,-10.81
2021-06-05,23.26,35520,399224,-12.72
2021-06-04,22.11,36851.3,419736,-14.8
2021-06-03,21.69,39187.3,476545,-15.25
2021-06-02,22.74,37555.8,486846,-15.97
2021-06-01,23.91,36687.6,475356,-15.21
2021-05-31,23.38,37298.6,378836,-8.9
2021-05-30,23.44,35652.8,391852,-2.83
2021-05-29,22.33,34584.6,482277,-3.67
2021-05-28,22.92,35662.5,500600,-2.88
2021-05-27,22.36,38417.3,543585,-2
2021-05-26,22.79,39249.2,569439,-2.12
2021-05-25,23.05,38378.3,543888,-2.79
2021-05-24,22.36,38750.6,452491,-2.08
2021-05-23,22.88,34679.7,477277,-9.67
2021-05-22,25.96,37448.3,579355,-17.15
2021-05-21,23.36,37297.4,626631,-17.51
2021-05-20,22.54,40717.2,264596,-17.48
2021-05-19,22.96,36720.5,673403,-28.13
2021-05-18,24.58,42897.3,637323,-28.66
2021-05-17,23.49,43541.3,538886,-28.2
2021-05-16,22.69,46426.4,549557,-17.77
2021-05-15,24.81,46708.8,629271,-7.57
2021-05-14,24.47,49839.8,718049,-8.14
2021-05-13,23.97,49704.6,711499,-8.43
2021-05-12,24.38,49384.2,760190,3.33
2021-05-11,24.34,56695.7,754279,4.2
2021-05-10,23.79,55848.9,619070,3.84
2021-05-09,22.9,58238.3,642533,2.43
2021-05-08,25.69,58840.1,787230,-0.03
2021-05-07,23.84,57337.2,833478,-0.43
2021-05-06,23.95,56405.4,870467,-0.58
2021-05-05,24.51,57441.3,842848,-1.15
2021-05-04,24.93,53741.5,808227,-1.57
2021-05-03,22.11,57169.8,679506,-1.77
2021-05-02,25.58,56603.8,675619,-3.78
2021-05-01,24.93,57807.1,798733,-12.62
2021-04-30,23.54,57720.3,880510,-14.82
2021-04-29,23.08,53560.8,897062,-14.92
2021-04-28,25.97,54841.4,908289,-15.19
2021-04-27,24.76,55036.5,845361,-15.33
2021-04-26,27.5,54020.5,681685,-14.96
2021-04-25,23.98,48963.6,725127,-13.28
2021-04-24,25.37,50088.9,822529,-2.33
2021-04-23,22.53,51143.6,904254,1.65
2021-04-22,22.94,51729.5,899728,2.1
2021-04-21,22.67,53820.2,891586,-0.24
2021-04-20,23.63,56483.2,854254,0.81
2021-04-19,25.52,55646.1,693062,0.21
2021-04-18,25.31,56207.1,687011,2.96
2021-04-17,23.32,60041.9,788010,1.58
2021-04-16,23.82,61379.7,858176,-0.29
2021-04-15,24.62,63216,817114,-1.69
2021-04-14,26.62,62980.4,816475,-1.01
2021-04-13,24.56,63540.9,781531,-3.06
2021-04-12,25.05,59863.8,613863,-15.04
2021-04-11,24.16,59978.7,692333,-27.69
2021-04-10,25.6,59748.4,668322,-34.34
2021-04-09,25.57,58118.7,750760,-32.29
2021-04-08,26.49,58077.4,841047,-31.27
2021-04-07,27.85,55948.7,686111,-28.81
2021-04-06,26.77,57996.3,605478,-27.59
2021-04-05,27.15,58993.4,485758,-17.33
2021-04-04,27.39,58199.9,556095,-12.73
2021-04-03,29.06,57059.9,531674,-11.24
2021-04-02,26.72,58977.3,636543,-12.39
2021-04-01,26.09,58718.3,713657,-12.27
2021-03-31,26.27,58763.7,684699,-12.87
2021-03-30,28.28,58771.3,569988,-24.57
2021-03-29,24.67,57616.2,457623,-22.4
2021-03-28,26.37,55765.2,475431,-27.41
2021-03-27,25.48,55862.9,585823,-25.4
2021-03-26,27.28,55036.1,642927,-30.31
2021-03-25,25.76,51322.3,653391,-41.48
2021-03-24,25.53,52325.4,635467,-41.59
2021-03-23,25.82,54452.5,515865,-29.99
2021-03-22,26.43,54158.3,416314,-29.57
2021-03-21,26.44,57383.8,436914,-29.56
2021-03-20,26.78,58093.4,501508,-34.12
2021-03-19,27.71,58088,564368,-31.18
2021-03-18,27.07,57656,543903,-20.24
2021-03-17,27.06,58913.5,551602,-20.03
2021-03-16,28.26,56889.7,467561,-19.48
2021-03-15,30.5,55791.3,348978,-18.93
2021-03-14,27.58,59113.7,364419,-6.01
2021-03-13,28.45,61195.3,457042,3.18
2021-03-12,28.59,57265.1,491790,5.26
2021-03-11,26.65,57799.5,479188,4.96
2021-03-10,25.22,55851.9,469408,3.67
2021-03-09,27.61,54879,415481,3.39
2021-03-08,27.97,52311,300288,3.24
2021-03-07,27.23,50982.3,372637,1.67
2021-03-06,29.1,48855.6,415168,-10.01
2021-03-05,25.49,48792.5,449881,-10.57
2021-03-04,27.59,48428,456327,-9.86
2021-03-03,26.8,50395.1,443639,-8.15
2021-03-02,28.34,48424.2,313462,-8.15
2021-03-01,27.28,49595.5,304794,-8.71
2021-02-28,25.65,45164,309000,-10.47
2021-02-27,25.8,46136.7,394045,-0.36
2021-02-26,25.28,46345.6,446974,-1.63
2021-02-25,25.76,46928.5,451043,-2.46
2021-02-24,25.51,49697.5,448152,-2.98
2021-02-23,28.42,48911.2,392056,-2.86
2021-02-22,25.56,54111.8,289756,-2.3
2021-02-21,23.92,57433.8,320727,-7.47
2021-02-20,26.73,55923.7,375829,-17.3
2021-02-19,27.23,55906.6,414214,-18.06
2021-02-18,29.27,51582.2,407899,-17.67
2021-02-17,27.48,52079.2,397891,-17.57
2021-02-16,27.84,49169.7,350329,-19.57
2021-02-15,28.04,47936.3,286411,-20.41
2021-02-14,24.75,48643.4,300059,-13.43
2021-02-13,27.1,47168.7,378216,-1.86
2021-02-12,26.71,47371.7,431548,0.42
2021-02-11,25.64,47990.7,444933,0.81
2021-02-10,27.71,44836,439344,0.56
2021-02-09,29.22,46508.6,430820,2.23
2021-02-08,27.42,46395.7,313764,1.82
2021-02-07,26.14,38852.9,405792,-9.6
2021-02-06,29.24,39256.6,381773,-10.21
2021-02-05,27.41,38297.6,535754,-9.86
2021-02-04,27.92,36982.1,469421,-10.63
2021-02-03,31.09,37646.8,527214,-9.93
2021-02-02,31.26,35485.2,460114,-9.56
2021-02-01,33.38,33515.7,443924,-9.56
2021-01-31,29.94,33108.1,389671,2.88
2021-01-30,31.65,34283.1,521339,-3.3
2021-01-29,31.1,34301.8,591824,-5.2
2021-01-28,32.38,33374.8,614502,-7.8
2021-01-27,31.89,30404,602230,-8.36
2021-01-26,33.3,32502.1,556400,-8.88
2021-01-25,31.42,32252.3,491214,-9.95
2021-01-24,30.65,32241.3,458742,-23.6
2021-01-23,33.43,32088.9,575073,-18.79
2021-01-22,31.14,33000.5,660675,-19.29
2021-01-21,32.11,30842.1,657491,-18.6
2021-01-20,32.05,35476.3,697736,-21.01
2021-01-19,32.89,36002.9,599664,-21.17
2021-01-18,31.73,36613.2,514053,-18.8
2021-01-17,32.22,35839.6,529021,-18.06
2021-01-16,31.97,36019.5,647964,-27.53
2021-01-15,31.66,36845.8,773496,-32.45
2021-01-14,31.26,39175.7,760118,-32.89
2021-01-13,33.66,37382.2,751173,-29.74
2021-01-12,30.86,34076.1,701067,-40.03
2021-01-11,30.05,35544.3,616587,-43.25
2021-01-10,30.3,38192.2,590667,-45.86
2021-01-09,31.67,40151.9,762852,-42.77
2021-01-08,25.5,40599.3,816961,-36.29
2021-01-07,30.66,39460.2,892721,-33.28
2021-01-06,35.46,36793.2,791329,-36.72
2021-01-05,34.73,33991.5,743799,-25.57
2021-01-04,36.22,32022.6,550297,-25.6
2021-01-03,37.59,32958.9,522965,-11.18
2021-01-02,40.66,32193.3,605638,-1.39
2021-01-01,39.23,29359.9,566625,-1.68
2020-12-31,40.37,28949.4,777487,-2.4
2020-12-30,38.21,28868.7,740710,-0.19
2020-12-29,36.8,27376,672416,-13.51
2020-12-28,36.3,27057.8,488143,-13.42
2020-12-27,38.45,26261.3,433132,-25.57
2020-12-26,38.73,26454.4,507698,-39.55
2020-12-25,39.08,24689.6,480400,-50.64
2020-12-24,37.29,23736.5,682169,-61.05
2020-12-23,38.46,23257.9,696271,-62.88
2020-12-22,37.95,23823.2,661643,-51.02
2020-12-21,41.97,22728.5,540313,-48.29
2020-12-20,40.85,23474.9,532153,-46.02
2020-12-19,36.15,23844,625006,-32.13
2020-12-18,33.89,23127.9,721601,-22.26
2020-12-17,35.2,22825.4,741518,-12.96
2020-12-16,34.83,21352.2,731957,-9.74
2020-12-15,35.9,19434.9,652512,-8.23
2020-12-14,34.8,19273.8,531758,-7.09
2020-12-13,36.25,19176.8,530148,0.09
2020-12-12,34.22,18808.9,641788,-1.07
2020-12-11,33.67,18023.6,708580,1.93
2020-12-10,34.83,18247.2,1503570,3.45
2020-12-09,35.57,18546,671999,3.44
2020-12-08,36.46,18326.6,652304,3.45
2020-12-07,36.31,19170.7,515425,2.03
2020-12-06,33.88,19379.9,537323,5.76
2020-12-05,36.28,19146.5,649177,6.9
2020-12-04,35.03,18658.1,687813,7.3
2020-12-03,36.41,19433.3,696787,-1.53
2020-12-02,36.68,19218.8,654984,-4.79
2020-12-01,35.22,18770.7,619957,-6.31
2020-11-30,32.56,19698.1,503862,-6.36
2020-11-29,34.91,18185.5,489616,-4.08
2020-11-28,36.3,17730.7,590052,-5.09
2020-11-27,35.31,17127.1,682821,-6.19
2020-11-26,37.62,17162,589216,1.74
2020-11-25,35.98,18723,639019,2.36
2020-11-24,36.79,19152.6,593143,3.49
2020-11-23,39.29,18379.6,522543,4.34
2020-11-22,37.34,18412.9,488192,2.85
2020-11-21,38.23,18687.2,590957,6.3
2020-11-20,38.04,18675.2,672747,6.82
2020-11-19,36.95,17803.5,654463,7.88
2020-11-18,35.13,17774.6,627446,9.46
2020-11-17,36.95,17662.3,612497,8.61
2020-11-16,36.83,16715.8,529791,7.57
2020-11-15,37.06,15953,475507,1.99
2020-11-14,35.62,16071,599559,-1.33
2020-11-13,34.5,16324.2,653081,-0.34
2020-11-12,34.55,16294.7,646444,-0.67
2020-11-11,33.12,15695.8,651681,1.33
2020-11-10,36.15,15303.6,565160,1.34
2020-11-09,32.64,15327.2,465454,1.44
2020-11-08,30.32,15483.7,484746,-6.5
2020-11-07,29.91,14828.4,602302,-18.83
2020-11-06,31.23,15577.9,645236,-22.75
2020-11-05,32.45,15587.1,597427,-22.73
2020-11-04,33.76,14145.6,598546,-24.04
2020-11-03,33.01,14019.9,520415,-23.83
2020-11-02,34.82,13561.4,502983,-24
2020-11-01,35.07,13759.4,471856,-10.58
2020-10-31,32.53,13797.3,488030,-0.24
2020-10-30,33.18,13559.9,567538,2.91
2020-10-29,33.87,13457.2,538733,3.88
2020-10-28,32.57,13278.9,518848,1.75
2020-10-27,33,13657.8,471826,1.92
2020-10-26,36.27,13061.6,439880,2.28
2020-10-25,34.05,13032.2,400261,0.96
2020-10-24,34.52,13117.2,456169,1.48
2020-10-23,33.67,12934.1,507239,1.53
2020-10-22,34.25,12974.6,472558,0.25
2020-10-21,33.51,12808.7,444152,1.61
2020-10-20,34.55,11913.5,389181,1.53
2020-10-19,33.98,11753.4,386453,1.81
2020-10-18,34.27,11506.9,316986,4.81
2020-10-17,35.58,11362.1,374859,5.95
2020-10-16,36.02,11322,411917,5.42
2020-10-15,34.18,11503,407613,5.53
2020-10-14,34.54,11420.4,381679,4.8
2020-10-13,32.82,11423.8,318414,4.95
2020-10-12,33.05,11533.9,291923,4.52
2020-10-11,34.23,11371,288112,3.32
2020-10-10,34.75,11298.4,357984,-2.58
2020-10-09,36.06,11054.2,361520,-1.45
2020-10-08,34.21,10924.1,361802,-1.23
2020-10-07,35.3,10670.9,350154,1.16
2020-10-06,36.47,10602.6,330865,1.63
2020-10-05,40.18,10789.5,295140,3.29
2020-10-04,41.73,10672.9,274593,-3.67
2020-10-03,41.12,10544.2,320382,2.34
2020-10-02,32.07,10572.3,306041,2.47
2020-10-01,31.27,10620.5,313148,2.93
2020-09-30,32.2,10776.1,325498,3.53
2020-09-29,30.14,10840.9,283558,5.13
2020-09-28,30.12,10693.2,252024,5.61
2020-09-27,29.95,10776.2,255163,12.52
2020-09-26,31.36,10727.9,289633,11.42
2020-09-25,31.2,10688.8,336043,11.2
2020-09-24,31.08,10739.4,354058,10.73
2020-09-23,32.89,10237.3,274729,11.86
2020-09-22,30.44,10531.5,285237,11.64
2020-09-21,28.34,10416.8,274607,11.32
2020-09-20,26.75,10921.5,253714,11.37
2020-09-19,31.78,11081.8,293501,4.24
2020-09-18,31.01,10933,326229,4.38
2020-09-17,31.66,10941.3,315044,4.31
2020-09-16,31.09,10949.5,303905,3.4
2020-09-15,31.23,10785.3,369139,2.07
2020-09-14,31.98,10675.3,178456,2.29
2020-09-13,31.85,10326,243336,-8.69
2020-09-12,31.49,10441.9,287870,-0.77
2020-09-11,31.95,10390.2,321450,0.65
2020-09-10,31.94,10339.7,299074,0.77
2020-09-09,32.9,10224.6,293943,0.62
2020-09-08,32.08,10126.6,237555,1.64
2020-09-07,30.25,10376.9,213474,1.45
2020-09-06,31.51,10296.4,239025,6.38
2020-09-05,32.78,10092.2,271041,6.52
2020-09-04,33.43,10472.5,306235,4.9
2020-09-03,33.05,10168.8,274268,5.12
2020-09-02,32.81,11413.3,282233,5.61
2020-09-01,33.48,11914.9,266879,3.99
2020-08-31,32.06,11644.2,262203,3.78
2020-08-30,30.93,11702,221564,1.78
2020-08-29,32.04,11468.1,266683,0.53
2020-08-28,31.45,11527.4,283950,1.83
2020-08-27,32.37,11327.4,281693,3.05
2020-08-26,34.14,11462.3,280536,1.32
2020-08-25,34.44,11324.8,244408,2.09
2020-08-24,34.27,11753.5,224365,0.95
2020-08-23,34.87,11641.6,217826,2.81
2020-08-22,34.47,11661.3,255011,-2.01
2020-08-21,33.33,11529.2,261849,-4.61
2020-08-20,33.6,11856.9,273210,-5.29
2020-08-19,34.74,11750.2,275619,-11.04
2020-08-18,34.49,11947.6,256124,-12.19
2020-08-17,35.5,12282.6,206562,-12.75
2020-08-16,35.55,11899,216078,-17.18
2020-08-15,34.96,11845.3,253598,-12.28
2020-08-14,35.98,11750.8,302065,-9.28
2020-08-13,35.41,11770.9,278603,-10.62
2020-08-12,35.3,11557.2,283055,-4.55
2020-08-11,34.98,11390.4,261682,-4.1
2020-08-10,37.05,11889.2,223981,-4.55
2020-08-09,36.24,11681.2,228050,-3.65
2020-08-08,36.32,11764.3,260267,-8.73
2020-08-07,36.78,11592,284277,-11.67
2020-08-06,36.69,11757.1,283198,-12.49
2020-08-05,35.49,11735.1,277314,-14.96
2020-08-04,36.15,11184.7,254370,-16.88
2020-08-03,40.42,11224.4,207440,-16.53
2020-08-02,35.98,11066.8,231754,-8.58
2020-08-01,37.84,11803.1,252138,-11.45
2020-07-31,38.55,11333.4,290806,-16.07
2020-07-30,38.67,11096.2,280769,-14.91
2020-07-29,39.02,11105.9,336407,-12.44
2020-07-28,40.12,10908.5,201652,-11.69
2020-07-27,39.05,11022.8,234502,-12.53
2020-07-26,39.59,9932.5,207249,-19.29
2020-07-25,37.45,9704.1,255302,-16.21
2020-07-24,39.49,9546.4,282749,-9.45
2020-07-23,37.3,9599.6,282843,-6.86
2020-07-22,38.28,9513.7,279692,-7.45
2020-07-21,37.49,9387.3,240977,-7.02
2020-07-20,40.21,9162.4,199122,-8.29
2020-07-19,38.51,9208,214923,-9.39
2020-07-18,38.55,9170.2,238073,-9.41
2020-07-17,37.78,9155.8,250876,-9.31
2020-07-16,38.68,9135.3,248950,-11.23
2020-07-15,38.75,9198.7,231463,-9.13
2020-07-14,38.07,9253.4,219180,-6.87
2020-07-13,41.92,9243.6,191743,-3.01
2020-07-12,40.6,9300.8,194397,5
2020-07-11,37.83,9233.3,219643,9.1
2020-07-10,37.56,9285.1,231515,9.4
2020-07-09,38.5,9235.7,223716,11.98
2020-07-08,39.28,9429.9,213404,10.45
2020-07-07,39.19,9256,208447,9.86
2020-07-06,41.99,9339,168764,9.38
2020-07-05,40.89,9081,183011,9.07
2020-07-04,38.9,9134.4,195530,12.02
2020-07-03,38.44,9067.1,205229,11.68
2020-07-02,38.61,9085.1,178761,8.74
2020-07-01,38.38,9229.9,216678,10.55
2020-06-30,39.35,9135.4,176125,11.52
2020-06-29,41.29,9185.4,152802,11.91
2020-06-28,40.73,9124,170146,14.49
2020-06-27,39.05,9008.3,178338,11.93
2020-06-26,39.17,9160,192053,11.71
2020-06-25,38.79,9247.5,179264,12.82
2020-06-24,37.62,9302,169306,12.96
2020-06-23,38.58,9624.6,166666,12.71
2020-06-22,41.69,9683.7,143199,12.51
2020-06-21,39.31,9296.4,164379,3.11
2020-06-20,37.84,9358.8,123893,-4.6
2020-06-19,36.71,9314,179827,-16.07
2020-06-18,37.34,9388.1,139369,-17.17
2020-06-17,38.8,9464.6,178406,-18.31
2020-06-16,39.23,9523.5,139360,-25.41
2020-06-15,41.09,9425.4,132087,-25.38
2020-06-14,41.45,9345.3,134090,-25.93
2020-06-13,38.8,9471.3,134006,-17.79
2020-06-12,37.76,9466.6,119006,-6.83
2020-06-11,37.19,9283.2,153346,-7.53
2020-06-10,38,9878.8,118973,-8.41
2020-06-09,38.83,9768.8,123316,-3.24
2020-06-08,41.1,9777.9,107124,-5.14
2020-06-07,39.33,9742.6,114520,-5.32
2020-06-06,38.58,9669.6,126027,-10.24
2020-06-05,39.2,9631.2,137427,-16.83
2020-06-04,38.31,9794.4,128211,-16.14
2020-06-03,37.42,9667.2,118641,-14.78
2020-06-02,39.1,9527.6,121100,-12.78
2020-06-01,42.1,10189.3,98913,-11.29
2020-05-31,40.92,9454.8,107743,-12.1
2020-05-30,41.21,9692.5,134856,-12.14
2020-05-29,44.14,9424.8,115453,-13.29
2020-05-28,44.25,9572.2,116751,-13.61
2020-05-27,45.54,9199.1,102808,-14.19
2020-05-26,49.93,8842.5,94267,-15.05
2020-05-25,52.75,8898.2,87278,-15.93
2020-05-24,50.74,8728.2,97401,-16.51
2020-05-23,45.82,9177,99066,-20.95
2020-05-22,45.61,9169.7,108548,-19.78
2020-05-21,47.3,9059,106106,-19.78
2020-05-20,47.03,9512.3,98902,-22.75
2020-05-19,47.82,9773.3,95247,-24.21
2020-05-18,53.11,9730.7,88132,-29.76
2020-05-17,45.89,9677.7,80440,-30.1
2020-05-16,46.84,9379.5,91694,-30.49
2020-05-15,48.27,9318,100525,-32.36
2020-05-14,48.57,9778.4,94392,-31.82
2020-05-13,48.66,9298.7,85617,-31.4
2020-05-12,49.35,8813.8,84970,-31.48
2020-05-11,58.41,8579.8,75119,-31.66
2020-05-10,52.21,8738.8,78049,-30.16
2020-05-09,47.69,9554.6,85250,-30.34
2020-05-08,47.97,9806.2,91816,-30.06
2020-05-07,50.05,9979.8,90528,-32.24
2020-05-06,49.84,9151.4,93801,-32.28
2020-05-05,51.32,9001,79417,-38.04
2020-05-04,57.65,8874.7,75831,-33.97
2020-05-03,50.75,8885.5,77692,-34.94
2020-05-02,49.39,8966.3,83467,-34.72
2020-05-01,49.1,8821.6,87790,-34.5
2020-04-30,50.79,8629,63175,-34.23
2020-04-29,51.48,8770.9,78574,-34.76
2020-04-28,51.2,7746.9,75168,-33.82
2020-04-27,57.88,7766,70430,-38.03
2020-04-26,54.28,7678.9,74256,-38.63
2020-04-25,53.46,7540.4,86862,-39.18
2020-04-24,52.84,7503.8,102847,-42.94
2020-04-23,53.04,7488.5,79893,-50.52
2020-04-22,54.26,7112.9,79222,-58.89
2020-04-21,53.99,6842.5,77281,-63.6
2020-04-20,61.16,6833.5,70507,-66.38
2020-04-19,61.29,7122.9,79982,-66.34
2020-04-18,56.62,7230.8,81352,-66.84
2020-04-17,55.79,7035.8,87845,-65.97
2020-04-16,56,7085.6,96408,-61.51
2020-04-15,56.55,6629.1,80896,-56.22
2020-04-14,57.9,6850.9,71213,-51.56
2020-04-13,63.99,6841.3,70297,-51.62
2020-04-12,64.54,6917.6,98978,-51.82
2020-04-11,62.26,6867.8,78234,-52.56
2020-04-10,58.37,6863.1,93293,-53.96
2020-04-09,56.77,7289,83781,-56.64
2020-04-08,57.33,7361.2,85279,-60.57
2020-04-07,59.18,7185.2,73252,-55.74
2020-04-06,68.46,7332.3,72477,-56.68
2020-04-05,66.34,6772.7,72168,-57.42
2020-04-04,60.11,6857.4,80627,-56.75
2020-04-03,58.45,6735.9,83504,-56.9
2020-04-02,56.45,6800.5,80429,-59.05
2020-04-01,55.95,6638.5,75060,-60.36
2020-03-31,58.16,6412.5,75091,-69.92
2020-03-30,69.27,6391,62344,-67.34
2020-03-29,66.2,5890.4,56938,-66.33
2020-03-28,59.03,6233.7,69662,-65.87
2020-03-27,59.51,6373.4,63653,-62.59
2020-03-26,59.5,6725.1,62124,-59.65
2020-03-25,60.07,6678.9,49739,-59.01
2020-03-24,58.66,6744.6,39299,-58.59
2020-03-23,68.87,6468.9,40463,-61.35
2020-03-22,66.59,5822.1,34669,-61.38
2020-03-21,56.92,6186.2,32375,-61.88
2020-03-20,55.71,6205.3,29570,-64.22
2020-03-19,52.98,6172,27630,-66.26
2020-03-18,52.11,5361.4,17643,-65.23
2020-03-17,50.22,5261.1,15576,-66.03
2020-03-16,61.16,5030,14023,-68.7
2020-03-15,55.88,5366.3,11144,-68.71
2020-03-14,47.08,5182.7,10885,-68.52
2020-03-13,41.48,5584.3,16781,-60.96
2020-03-12,33.27,4826,2479,-54.37
2020-03-11,31.24,7935.1,7241,-46.61
2020-03-10,28.57,7891.2,4799,-38.29
2020-03-09,29.85,7933,3948,-33.72
2020-03-08,28.3,8034.1,3971,-30.93
2020-03-07,24.68,8887.8,4061,-32.29
2020-03-06,21.96,9134.8,3802,-37.14
2020-03-05,22.19,9060.3,2811,-42.39
2020-03-04,21.12,8757.9,2251,-48.56
2020-03-03,19.7,8761.4,2545,-53.82
2020-03-02,20.38,8904.8,1939,-55.2
2020-03-01,17.23,8540,2353,-58.76
2020-02-29,18.5,8543.7,1886,-57.06
2020-02-28,15.64,8697.5,1369,-56.89
2020-02-27,14.23,8818.6,1357,-50
2020-02-26,11.63,8800.3,982,-49.36
2020-02-25,12.77,9317.2,846,-49.33
2020-02-24,12.02,9662.7,589,-52.26
2020-02-23,9.27,9942.7,386,-44.11
2020-02-22,9.96,9655.7,1756,-39.86
2020-02-21,8.7,9684.5,644,-39.99
2020-02-20,8.77,9602.4,558,-41.49
2020-02-19,10.43,9609.4,503,-37.42
2020-02-18,11.26,10158.4,1878,-32.9
2020-02-17,10.16,9701.4,2034,-30.11
2020-02-16,8.86,9932.3,2193,-33.29
2020-02-15,9.11,9907.7,2143,-34.11
2020-02-14,9.89,10333,6517,-27.7
2020-02-13,9.25,10235.1,15147,-26.06
2020-02-12,8.95,10317.7,419,-26.12
2020-02-11,9.83,10229.5,2040,-25.48
2020-02-10,10.38,9854.1,2610,-28.14
2020-02-09,9.45,10151.5,3030,-33.6
2020-02-08,8.83,9895.5,2725,-38.67
2020-02-07,9.31,9818.6,3574,-45.14
2020-02-06,10.44,9772,3182,-52.04
2020-02-05,10.5,9611.8,3742,-52.33
2020-02-04,11.12,9193.9,4009,-52.9
2020-02-03,12.33,9296.6,3094,-49.66
2020-02-02,10.41,9334.9,4749,-49.69
2020-02-01,11.27,9381.6,2113,-49.34
2020-01-31,9.85,9349.1,1690,-52.11
2020-01-30,9.82,9507.3,2069,-51.87
2020-01-29,9.06,9298.9,584,-57.24
2020-01-28,7.79,9377.3,2651,-61.96
2020-01-27,8.93,8866.6,809,-53.19
2020-01-26,7.91,8607.8,680,-46.64
2020-01-25,6.21,8341.6,493,-49.37
2020-01-24,5.36,8439.9,-156,-53.82
2020-01-23,4.27,8405.1,540,-46.36
2020-01-22,3.27,8678.5,0,-50.65
2020-01-21,1.26,8732.6,0,-25.7
2020-01-20,0.86,8641.9,0,-27.69
2020-01-19,0.77,8706.2,0,-29.21
2020-01-18,0.49,8916.3,0,-25.87
2020-01-17,0.25,8913.1,0,-16.48
2020-01-16,0.16,8726.9,0,-14.32
2020-01-15,0.12,8818.3,0,-8.56
2020-01-14,0.16,8829.2,0,-8.05
2020-01-13,0.15,8111.4,0,-7.93
2020-01-12,0.39,8187.6,0,-7.92
2020-01-11,0.05,8024.1,0,-2.82
2020-01-10,0.21,8187.1,0,-5.33
2020-01-09,0.02,7842.4,0,-2.49
2020-01-08,0.02,8059.6,0,-2.4
2020-01-07,0.05,8155.7,0,-1.92
2020-01-06,0.04,7759.1,0,0.26
2020-01-05,0.02,7372.5,0,0.35
2020-01-04,0.03,7376.8,0,0.41
2020-01-03,0,7343.1,0,0.26
2020-01-02,0.01,6967,0,0.26
2020-01-01,0,7199.8,0,0.35