date,fngvalue,fngclassification,totalcases,dailycases,totaldeaths,dailydeaths,panic_index,MHI,sentiment_index,MCI
26/12/2021,37,Fear,278891403,714262,5392790,6054,2.4,25.24,-26.09,65.95
25/12/2021,39,Fear,278891403,714262,5392790,6054,1.99,25.87,-23.53,62.65
24/12/2021,41,Fear,278891403,714262,5392790,6054,1.61,23.91,-14.49,63.83
23/12/2021,34,Fear,278177141,983304,5386736,9207,1.55,24.34,-15.23,64.4
22/12/2021,45,Fear,277193837,912305,5377529,8096,1.8,22.33,-17.47,62.97
21/12/2021,27,Fear,276281532,786528,5369433,8101,1.54,21.81,-18.15,61.47
20/12/2021,25,Extreme Fear,275495004,792318,5361332,6876,1.39,23.15,-18.34,62.01
19/12/2021,29,Fear,274702686,468763,5354456,4537,1.86,20.6,-14.07,63.16
18/12/2021,24,Extreme Fear,274233923,565609,5349919,5742,1.38,20.83,-10.48,62.79
17/12/2021,23,Extreme Fear,273668314,697407,5344177,6108,1.95,19.59,-7.75,60.71
16/12/2021,29,Fear,272970907,741190,5338069,7230,1.15,19.34,-4.57,61.99
15/12/2021,28,Fear,272229717,739250,5330839,9299,0.94,17.59,-2.43,60.42
14/12/2021,21,Extreme Fear,271490467,680605,5321540,8331,0.99,16.7,-1.57,59.32
13/12/2021,28,Fear,270809862,638442,5313209,6481,0.86,14.64,-8.86,57.71
12/12/2021,27,Fear,270171420,431989,5306728,4333,0.9,13.5,-9.01,57.4
11/12/2021,16,Extreme Fear,269739431,488875,5302395,6344,1.04,15.5,-13.71,59.39
10/12/2021,24,Extreme Fear,269250556,691958,5296051,8149,1.15,16.26,-13.14,60.51
09/12/2021,29,Fear,268558598,713518,5287902,7299,0.98,16.57,-14.71,61.48
08/12/2021,28,Fear,267845080,672798,5280603,8184,1.01,15.52,-14.57,59.42
07/12/2021,25,Extreme Fear,267172282,698062,5272419,8488,1.34,17.14,-17.3,60.51
06/12/2021,16,Extreme Fear,266474220,595576,5263931,7057,1.42,15.19,-10.38,60.18
05/12/2021,18,Extreme Fear,265878644,436740,5256874,7199,1.64,15.55,-22.01,61.39
04/12/2021,25,Extreme Fear,265441904,507182,5249675,6167,2.2,18.35,-21.05,61.18
03/12/2021,31,Fear,264934722,708272,5243508,7269,1.91,18.25,-24.3,62.31
02/12/2021,32,Fear,264226450,700369,5236239,10033,1.8,18.12,-25.06,62.83
01/12/2021,34,Fear,263526081,707804,5226206,9256,2.42,18.73,-23.74,63.59
30/11/2021,40,Fear,262818277,630751,5216950,8191,2.86,20.23,-21.11,61.6
29/11/2021,33,Fear,262187526,667013,5208759,7827,3.03,17.62,-20.8,62.47
28/11/2021,27,Fear,261520513,406185,5200932,4711,3.41,18.67,-20.33,62.92
27/11/2021,21,Extreme Fear,261114328,450810,5196221,6339,2,19.39,-16.5,59.42
26/11/2021,47,Neutral,260663518,585691,5189882,5858,1.02,15.17,-13.83,55.86
25/11/2021,32,Fear,260077827,598363,5184024,7803,0.95,14.91,-12.77,59.87
24/11/2021,42,Fear,259479464,671442,5176221,8693,0.61,13.49,-13.78,60.39
23/11/2021,33,Fear,258808022,615830,5167528,8329,0.8,15.03,-14.02,58.15
22/11/2021,50,Neutral,258192192,625007,5159199,7280,1.33,13.98,-13.16,58.31
21/11/2021,49,Neutral,257567185,396470,5151919,4473,0.83,13.48,-4.41,58.77
20/11/2021,43,Fear,257170715,476946,5147446,6254,1.22,15.62,1.53,59.04
19/11/2021,34,Fear,256693769,609835,5141192,7501,0.71,14.61,1.08,59.79
18/11/2021,54,Neutral,256083934,613981,5133691,8279,0.79,14.35,0.18,60.49
17/11/2021,52,Neutral,255469953,626368,5125412,9197,0.78,14.6,-0.23,60.35
16/11/2021,71,Greed,254843585,527757,5116215,7957,0.76,16.07,0.06,57.64
15/11/2021,72,Greed,254315828,544968,5108258,7029,1.63,13.99,-0.21,57.56
14/11/2021,74,Greed,253770860,351769,5101229,4584,0.7,11.07,2.68,57.01
13/11/2021,72,Greed,253419091,428679,5096645,6752,0.87,14.58,3.86,59.55
12/11/2021,74,Greed,252990412,583873,5089893,8202,0.9,14.11,5.01,59.66
11/11/2021,77,Extreme Greed,252406539,517995,5081691,7693,0.78,15.18,4.32,61.22
10/11/2021,75,Greed,251888544,577169,5073998,8162,0.93,15.7,5.15,60.97
09/11/2021,84,Extreme Greed,251311375,489340,5065836,8505,1.22,15.77,5.36,60.03
08/11/2021,75,Greed,250822035,478511,5057331,6739,1.15,13.87,5.36,60.56
07/11/2021,73,Greed,250343524,347188,5050592,4441,1.09,12.36,-4.62,61.18
06/11/2021,71,Greed,249996336,414397,5046151,6537,0.88,16.81,-3.11,62.09
05/11/2021,73,Greed,249581939,509750,5039614,8296,1.02,17.47,-4.24,62.33
04/11/2021,73,Greed,249072189,527682,5031318,7703,1.1,17.49,-3.07,61.74
03/11/2021,76,Extreme Greed,248544507,522889,5023615,8387,0.82,14.5,-3.69,60.1
02/11/2021,73,Greed,248021618,433562,5015228,7578,0.98,16.27,-3.02,60.84
01/11/2021,74,Greed,247588056,423065,5007650,6306,0.8,16.45,-3.32,59.1
31/10/2021,74,Greed,247164991,320856,5001344,4463,1.58,15.64,5.63,60.69
30/10/2021,73,Greed,246844135,381963,4996881,5991,1.27,18.85,5.28,60.85
29/10/2021,70,Greed,246462172,504765,4990890,8113,1.04,15.74,5.6,61.13
28/10/2021,66,Greed,245957407,453155,4982777,8253,0.77,16.06,5.75,59.63
27/10/2021,73,Greed,245504252,512444,4974524,9179,1.21,15.99,6.24,62.03
26/10/2021,76,Extreme Greed,244991808,448774,4965345,8214,0.71,15.26,5.06,59.76
25/10/2021,72,Greed,244543034,431014,4957131,6667,1.09,13.32,4.44,60.07
24/10/2021,73,Greed,244112020,316082,4950464,4558,1.09,14.23,3.75,59.54
23/10/2021,74,Greed,243795938,360248,4945906,5781,1.02,16.56,2.48,61.98
22/10/2021,75,Greed,243435690,479033,4940125,7858,0.8,15.79,3.58,62.14
21/10/2021,84,Extreme Greed,242956657,457112,4932267,7700,0.84,16.56,2.9,61.39
20/10/2021,82,Extreme Greed,242499545,471326,4924567,8700,0.81,16.52,1.72,61.81
19/10/2021,75,Greed,242028219,448561,4915867,8556,0.87,16.02,1.98,62.08
18/10/2021,78,Extreme Greed,241579658,414762,4907311,6511,0.88,13.54,3.26,57.59
17/10/2021,79,Extreme Greed,241164896,313290,4900800,4245,1.08,14.5,-5.75,59.78
16/10/2021,78,Extreme Greed,240851606,337228,4896555,5238,0.92,16.33,-8.07,61.32
15/10/2021,71,Greed,240514378,450845,4891317,6933,1.16,17.06,-7.92,61.98
14/10/2021,70,Greed,240063533,445509,4884384,8022,0.82,18.06,-6.16,62.83
13/10/2021,70,Greed,239618024,463881,4876362,8808,0.68,15.85,-4.93,61.89
12/10/2021,78,Extreme Greed,239154143,438091,4867554,8405,1.06,16.04,-5.3,60.17
11/10/2021,71,Greed,238716052,381997,4859149,5829,1.36,13.34,-6.94,58.35
10/10/2021,71,Greed,238334055,314929,4853320,4674,1.18,13.99,2.7,57.65
09/10/2021,72,Greed,238019126,332211,4848646,4761,1.41,16.7,-2.11,61.48
08/10/2021,74,Greed,237686915,468277,4843885,7285,1.08,16.84,-4.03,63.35
07/10/2021,76,Extreme Greed,237218638,431868,4836600,8843,1.27,17.02,-17.81,62.28
06/10/2021,68,Greed,236786770,513617,4827757,9266,1.16,16.08,-18.26,59.69
05/10/2021,59,Greed,236273153,426726,4818491,7679,0.83,15.77,-20.89,61.32
04/10/2021,54,Neutral,235846427,444529,4810812,7253,1.02,14.29,-20.15,58.91
03/10/2021,49,Neutral,235401898,306398,4803559,4239,1.78,16.88,-21.98,63.34
02/10/2021,54,Neutral,235095500,346612,4799320,5825,1.48,18.76,-14.71,63.2
01/10/2021,27,Fear,234748888,534173,4793495,8331,1.4,17.36,-16.57,61.62
30/09/2021,20,Extreme Fear,234214715,479189,4785164,8819,1.56,18.6,-4.57,63.22
29/09/2021,24,Extreme Fear,233735526,501927,4776345,9375,1.68,18.53,-4.57,63.18
28/09/2021,25,Extreme Fear,233233599,461198,4766970,9682,1.46,18.83,-1.71,61.68
27/09/2021,26,Fear,232772401,472649,4757288,7774,1.63,13.13,-1.57,59.72
26/09/2021,27,Fear,232299752,348332,4749514,5371,1.46,15.12,0.43,62.82
25/09/2021,28,Fear,231951420,367157,4744143,5382,1.72,18.97,1.29,63.13
24/09/2021,33,Fear,231584263,529859,4738761,8521,1.27,17.96,3.28,64.15
23/09/2021,27,Fear,231054404,512026,4730240,9762,1.71,18.56,3.8,64.87
22/09/2021,21,Extreme Fear,230542378,534267,4720478,9925,1.37,19.32,3.56,63.84
21/09/2021,27,Fear,230008111,490497,4710553,9633,1.15,18.46,3.48,63.19
20/09/2021,50,Neutral,229517614,534073,4700920,8197,1.2,14.84,3.71,60.44
19/09/2021,53,Neutral,228983541,360845,4692723,6035,1.64,17.28,2.82,62.04
18/09/2021,50,Neutral,228622696,537012,4686688,6780,1.72,19.81,0.66,64.69
17/09/2021,48,Neutral,228085684,588269,4679908,8392,1.59,20.21,-7,63.96
16/09/2021,53,Neutral,227497415,577595,4671516,10502,1.79,19.93,-6.71,64.53
15/09/2021,49,Neutral,226919820,566436,4661014,10451,1.26,20.48,-6.57,64.66
14/09/2021,30,Fear,226353384,557172,4650563,10250,1.06,18.6,-5.86,62.84
13/09/2021,44,Fear,225796212,601286,4640313,9059,1.24,16.66,-5.14,59.87
12/09/2021,32,Fear,225194926,368253,4631254,5524,1,16.96,-15.71,62.26
11/09/2021,31,Fear,224826673,456525,4625730,8355,2.01,21.41,-24.71,64.72
10/09/2021,46,Fear,224370148,627617,4617375,8857,1.69,20.88,-15.28,63.76
09/09/2021,45,Fear,223742531,639557,4608518,10849,1.57,19.85,-16.3,64.2
08/09/2021,47,Neutral,223102974,632086,4597669,10041,1.44,19.64,-16.27,62.96
07/09/2021,79,Extreme Greed,222470888,729619,4587628,10824,1.26,18.76,-17.44,61.93
06/09/2021,79,Extreme Greed,221741269,440511,4576804,7983,1.99,19.66,-18.43,64.88
05/09/2021,73,Greed,221300758,440074,4568821,6489,1.84,19.19,-15.88,65.3
04/09/2021,72,Greed,220860684,484679,4562332,7730,1.54,21.78,-17.59,63.8
03/09/2021,74,Greed,220376005,710711,4554602,10369,1.2,19.09,-31.61,65.38
02/09/2021,74,Greed,219665294,677762,4544233,11233,0.98,20.77,-31.73,66.74
01/09/2021,71,Greed,218987532,725720,4533000,12469,1.73,19.94,-32.42,65.88
31/08/2021,73,Greed,218261812,627516,4520531,9489,1.25,20.62,-32.46,65.24
30/08/2021,73,Greed,217634296,686543,4511042,9507,1.24,18.67,-33.86,63.67
29/08/2021,72,Greed,216947753,446574,4501535,6716,2.36,20.94,-25.89,64.62
28/08/2021,78,Extreme Greed,216501179,547361,4494819,8505,1.66,21.82,-23.57,65.44
27/08/2021,71,Greed,215953818,738787,4486314,9966,2.01,21.62,-13.39,66.5
26/08/2021,75,Greed,215215031,735595,4476348,11611,1.62,22.59,-13.1,67.17
25/08/2021,73,Greed,214479436,729604,4464737,11339,1.71,22.85,-12.36,66.34
24/08/2021,79,Extreme Greed,213749832,694748,4453398,11436,1.81,23.68,-11.95,67.2
23/08/2021,79,Extreme Greed,213055084,704484,4441962,10043,1.32,19.85,-17.62,66.2
22/08/2021,76,Extreme Greed,212350600,446563,4431919,7730,1.91,19.52,-23.37,65.11
21/08/2021,78,Extreme Greed,211904037,540147,4424189,8836,2.46,23.98,-25.6,66.56
20/08/2021,70,Greed,211363890,782660,4415353,10137,1.46,20.93,-24.57,65.97
19/08/2021,70,Greed,210581230,715365,4405216,11552,1.58,22.38,-25.06,67.4
18/08/2021,73,Greed,209865865,726652,4393664,10761,2.2,23.5,-25.14,66.13
17/08/2021,72,Greed,209139213,692449,4382903,11126,2.22,20.73,-26.89,64.12
16/08/2021,72,Greed,208446764,678629,4371777,9813,2.78,20.26,-19.69,63.51
15/08/2021,71,Greed,207768135,464021,4361964,7244,2.7,20.03,-11.74,66.06
14/08/2021,76,Extreme Greed,207304114,533900,4354720,8688,1.56,23.71,-0.59,66.4
13/08/2021,70,Greed,206770214,805711,4346032,10476,1.63,23.15,2.08,67.73
12/08/2021,70,Greed,205964503,699546,4335556,10186,2.31,23.62,3.16,65.5
11/08/2021,70,Greed,205264957,731527,4325370,10493,1.81,24.05,2.73,65.96
10/08/2021,71,Greed,204533430,656938,4314877,11977,1.53,23.32,3.93,65.96
09/08/2021,65,Greed,203876492,653832,4302900,8639,2.04,25.93,4.11,65.93
08/08/2021,74,Greed,203222660,441592,4294261,7451,1.17,24.56,-8.67,65.44
07/08/2021,69,Greed,202781068,550887,4286810,8622,1.62,23.25,-20.43,66.1
06/08/2021,52,Neutral,202230181,821817,4278188,10579,1.67,23.78,-21.61,67.25
05/08/2021,50,Neutral,201408364,681172,4267609,10613,1.58,23.66,-21.88,67.61
04/08/2021,42,Fear,200727192,675227,4256996,10523,1.82,23.11,-21.34,67.37
03/08/2021,48,Neutral,200051965,645395,4246473,10787,2.2,23.7,-20.75,65.05
02/08/2021,48,Neutral,199406570,578073,4235686,7915,1.22,24.96,-21.47,63.64
01/08/2021,60,Greed,198828497,481301,4227771,7405,2.59,23.61,-12.02,65.77
31/07/2021,60,Greed,198347196,510128,4220366,8762,1.73,23.71,-14.02,65.98
30/07/2021,53,Neutral,197837068,723099,4211604,9295,2.12,23.24,-13.91,66.6
29/07/2021,50,Neutral,197113969,651910,4202309,10961,1.3,23.88,-13.91,66.6
28/07/2021,50,Neutral,196462059,643277,4191348,10087,1.56,21.81,-14.18,65.74
27/07/2021,32,Fear,195818782,619479,4181261,10168,1.82,23.58,-15.41,64.56
26/07/2021,26,Fear,195199303,540372,4171093,7781,2.51,25.35,-27.27,64
25/07/2021,27,Fear,194658931,445293,4163312,7315,2.07,25.38,-23.78,64.47
24/07/2021,22,Extreme Fear,194213638,415205,4155997,8375,3.02,25.12,-11.49,65.36
23/07/2021,23,Extreme Fear,193798433,737361,4147622,8311,1.84,23.87,-11.36,64.63
22/07/2021,21,Extreme Fear,193061072,563323,4139311,8780,1.74,23.05,-11.43,65.5
21/07/2021,10,Extreme Fear,192497749,560134,4130531,8679,2.16,21.91,-13.79,66.49
20/07/2021,19,Extreme Fear,191937615,539179,4121852,21111,1.97,23.7,-12.29,64.94
19/07/2021,24,Extreme Fear,191398436,496529,4100741,7055,2.04,23.77,-2.08,61.89
18/07/2021,19,Extreme Fear,190901907,431019,4093686,7096,2.24,22.7,-15.67,62.84
17/07/2021,15,Extreme Fear,190470888,473948,4086590,7087,2.07,22.36,-26.17,64.92
16/07/2021,22,Extreme Fear,189996940,598288,4079503,8725,1.56,21.2,-27.18,64.52
15/07/2021,20,Extreme Fear,189398652,564225,4070778,8197,1.35,21.15,-37.36,64.78
14/07/2021,21,Extreme Fear,188834427,539764,4062581,8621,1.27,21.49,-35.07,64.74
13/07/2021,20,Extreme Fear,188294663,529640,4053960,8694,1.48,22.23,-34.79,63.21
12/07/2021,25,Extreme Fear,187765023,436692,4045266,8058,2.02,20.16,-33.18,61.12
11/07/2021,20,Extreme Fear,187328331,370527,4037208,7628,1.61,19.18,-20.94,61.41
10/07/2021,20,Extreme Fear,186957804,427057,4029580,6623,1.45,20.31,-10,63.95
09/07/2021,20,Extreme Fear,186530747,507480,4022957,8397,1.81,20.55,-6.71,64.81
08/07/2021,20,Extreme Fear,186023267,471525,4014560,8547,1,18.88,4.42,63.87
07/07/2021,28,Fear,185551742,463534,4006013,8519,1.22,18.36,4.41,62.27
06/07/2021,20,Extreme Fear,185088208,462234,3997494,8908,1.51,21.65,4.36,60.8
05/07/2021,29,Fear,184625974,369569,3988586,7289,2.48,21.26,3.8,60.36
04/07/2021,27,Fear,184256405,328519,3981297,6668,1.29,18.75,5.7,60.21
03/07/2021,24,Extreme Fear,183927886,376657,3974629,6904,1.33,20.01,-1.3,62.9
02/07/2021,21,Extreme Fear,183551229,441272,3967725,8279,1.44,20.68,-5.46,63.89
01/07/2021,28,Fear,183109957,427941,3959446,8246,1.38,19.7,-6.59,64.3
30/06/2021,28,Fear,182682016,400242,3951200,9205,1.26,20.36,-6.59,63.93
29/06/2021,25,Extreme Fear,182281774,389508,3941995,8567,1.35,20.85,-7.26,63.03
28/06/2021,25,Extreme Fear,181892266,328344,3933428,6503,1.58,20.21,-5.94,59.79
27/06/2021,22,Extreme Fear,181563922,311489,3926925,6095,1.8,21.16,-9.27,64.42
26/06/2021,20,Extreme Fear,181252433,365993,3920830,7551,1.34,20.58,-1.29,62.88
25/06/2021,27,Fear,180886440,421947,3913279,9229,1.25,19.33,0.86,64.37
24/06/2021,22,Extreme Fear,180464493,394108,3904050,8242,1.6,19.71,1.85,65.28
23/06/2021,14,Extreme Fear,180070385,399905,3895808,9406,1.52,20.3,1.63,64.79
22/06/2021,10,Extreme Fear,179670480,420587,3886402,9505,1.21,20.73,0.66,64.72
21/06/2021,23,Extreme Fear,179249893,293683,3876897,6851,1.85,17.81,0.91,60.33
20/06/2021,21,Extreme Fear,178956210,302396,3870046,6726,1.76,21.22,2.79,63.33
19/06/2021,23,Extreme Fear,178653814,349455,3863320,8176,1.72,22.41,2.07,63.72
18/06/2021,25,Extreme Fear,178304359,406888,3855144,9228,1.46,20.58,-9.87,65.21
17/06/2021,26,Fear,177897471,381949,3845916,8880,1.22,20.6,-10.8,65.49
16/06/2021,33,Fear,177515522,389876,3837036,10037,1.65,21.74,-10.71,65.83
15/06/2021,38,Fear,177125646,390839,3826999,11303,1.08,21.05,-9.81,65.6
14/06/2021,28,Fear,176734807,307382,3815696,7863,3.23,25.27,-9.24,62.77
13/06/2021,23,Extreme Fear,176427425,303676,3807833,9267,1.53,22.8,-9.14,62.35
12/06/2021,28,Fear,176123749,372856,3798566,9770,1.61,23.39,-8.26,64.43
11/06/2021,21,Extreme Fear,175750893,420949,3788796,11809,1.38,22.55,5.19,65.88
10/06/2021,21,Extreme Fear,175329944,438078,3776987,15580,1.96,22.26,4.89,65.57
09/06/2021,14,Extreme Fear,174891866,419060,3761407,10166,1.61,20.29,5.59,63.69
08/06/2021,13,Extreme Fear,174472806,379789,3751241,11115,1.39,20.84,5.39,64.88
07/06/2021,15,Extreme Fear,174093017,320592,3740126,8047,1.65,20.61,-2.37,61.75
06/06/2021,17,Extreme Fear,173772425,323298,3732079,7218,1.6,20.57,-10.81,64.72
05/06/2021,24,Extreme Fear,173449127,399224,3724861,9381,1.35,23.26,-12.72,65.38
04/06/2021,27,Fear,173049903,419736,3715480,10959,1.46,22.11,-14.8,66.05
03/06/2021,24,Extreme Fear,172630167,476545,3704521,9479,1.46,21.69,-15.25,66.62
02/06/2021,23,Extreme Fear,172153622,486846,3695042,11908,1.48,22.74,-15.97,66.25
01/06/2021,20,Extreme Fear,171666776,475356,3683134,15722,1.71,23.91,-15.21,64.27
31/05/2021,18,Extreme Fear,171191420,378836,3667412,8693,2.05,23.38,-8.9,63.98
30/05/2021,10,Extreme Fear,170812584,391852,3658719,8298,2.23,23.44,-2.83,66.84
29/05/2021,18,Extreme Fear,170420732,482277,3650421,10783,1.27,22.33,-3.67,65.5
28/05/2021,21,Extreme Fear,169938455,500600,3639638,11938,1.7,22.92,-2.88,66.72
27/05/2021,27,Fear,169437855,543585,3627700,12539,1.52,22.36,-2,67.6
26/05/2021,22,Extreme Fear,168894270,569439,3615161,12804,1.8,22.79,-2.12,66.75
25/05/2021,22,Extreme Fear,168324831,543888,3602357,13624,1.88,23.05,-2.79,65.46
24/05/2021,10,Extreme Fear,167780943,452491,3588733,9047,3.13,22.36,-2.08,66.11
23/05/2021,14,Extreme Fear,167328452,477277,3579686,9752,2.54,22.88,-9.67,64.99
22/05/2021,12,Extreme Fear,166851175,579355,3569934,11526,2.09,25.96,-17.15,66.78
21/05/2021,19,Extreme Fear,166271820,626631,3558408,13029,1.58,23.36,-17.51,67.77
20/05/2021,11,Extreme Fear,165645189,264596,3545379,12616,1.91,22.54,-17.48,66.38
19/05/2021,23,Extreme Fear,165380593,673403,3532763,13435,2.39,22.96,-28.13,67.49
18/05/2021,21,Extreme Fear,164707190,637323,3519328,14796,1.76,24.58,-28.66,68.04
17/05/2021,27,Fear,164069867,538886,3504532,11160,2.75,23.49,-28.2,65.26
16/05/2021,20,Extreme Fear,163530981,549557,3493372,10244,2.7,22.69,-17.77,67.03
15/05/2021,27,Fear,162981424,629271,3483128,12256,2.71,24.81,-7.57,68.21
14/05/2021,26,Fear,162352153,718049,3470872,13031,2.17,24.47,-8.14,69.08
13/05/2021,31,Fear,161634104,711499,3457841,13176,1.98,23.97,-8.43,68.73
12/05/2021,68,Greed,160922605,760190,3444665,13964,2.04,24.38,3.33,69.23
11/05/2021,61,Greed,160162415,754279,3430701,14695,1.32,24.34,4.2,68.08
10/05/2021,72,Greed,159408136,619070,3416006,11077,1.48,23.79,3.84,66.21
09/05/2021,73,Greed,158789066,642533,3404929,10458,1.59,22.9,2.43,67.39
08/05/2021,67,Greed,158146533,787230,3394471,13319,1.44,25.69,-0.03,68.61
07/05/2021,64,Greed,157359303,833478,3381152,14461,1.49,23.84,-0.43,68.7
06/05/2021,65,Greed,156525825,870467,3366691,14666,1.95,23.95,-0.58,68.23
05/05/2021,48,Neutral,155655358,842848,3352025,14908,2.22,24.51,-1.15,68.9
04/05/2021,68,Greed,154812510,808227,3337117,14081,1.45,24.93,-1.57,69.05
03/05/2021,61,Greed,154004283,679506,3323036,11725,1.4,22.11,-1.77,65.91
02/05/2021,66,Greed,153324777,675619,3311311,10222,2.11,25.58,-3.78,67.56
01/05/2021,68,Greed,152649158,798733,3301089,13317,2.59,24.93,-12.62,69.59
30/04/2021,51,Neutral,151850425,880510,3287772,14074,1.62,23.54,-14.82,70.4
29/04/2021,52,Neutral,150969915,897062,3273698,15742,1.12,23.08,-14.92,69.22
28/04/2021,59,Greed,150072853,908289,3257956,16073,1.87,25.97,-15.19,70.62
27/04/2021,50,Neutral,149164564,845361,3241883,14994,1.64,24.76,-15.33,67.86
26/04/2021,27,Fear,148319203,681685,3226889,11622,2.01,27.5,-14.96,68.28
25/04/2021,31,Fear,147637518,725127,3215267,10649,1.39,23.98,-13.28,68.54
24/04/2021,37,Fear,146912391,822529,3204618,13274,1.73,25.37,-2.33,68.48
23/04/2021,55,Greed,146089862,904254,3191344,15174,1.54,22.53,1.65,68.59
22/04/2021,65,Greed,145185608,899728,3176170,13878,1.38,22.94,2.1,69.04
21/04/2021,73,Greed,144285880,891586,3162292,14940,1.69,22.67,-0.24,69.07
20/04/2021,73,Greed,143394294,854254,3147352,14317,1.89,23.63,0.81,68.41
19/04/2021,74,Greed,142540040,693062,3133035,10907,1.82,25.52,0.21,68.63
18/04/2021,79,Extreme Greed,141846978,687011,3122128,9240,2.55,25.31,2.96,68.26
17/04/2021,76,Extreme Greed,141159967,788010,3112888,12504,2.19,23.32,1.58,68.21
16/04/2021,78,Extreme Greed,140371957,858176,3100384,13303,1.76,23.82,-0.29,69.79
15/04/2021,79,Extreme Greed,139513781,817114,3087081,13665,2.04,24.62,-1.69,69.91
14/04/2021,75,Greed,138696667,816475,3073416,14048,1.92,26.62,-1.01,70.27
13/04/2021,74,Greed,137880192,781531,3059368,13889,1.72,24.56,-3.06,68.51
12/04/2021,74,Greed,137098661,613863,3045479,9842,2.22,25.05,-15.04,69.78
11/04/2021,76,Extreme Greed,136484798,692333,3035637,9009,2.64,24.16,-27.69,69.18
10/04/2021,70,Greed,135792465,668322,3026628,13063,2.49,25.6,-34.34,69.62
09/04/2021,70,Greed,135124143,750760,3013565,14252,2.42,25.57,-32.29,69.99
08/04/2021,73,Greed,134373383,841047,2999313,14433,2.17,26.49,-31.27,70.95
07/04/2021,72,Greed,133532336,686111,2984880,15721,1.99,27.85,-28.81,70.24
06/04/2021,75,Greed,132846225,605478,2969159,12612,2.27,26.77,-27.59,68.11
05/04/2021,71,Greed,132240747,485758,2956547,7666,1.93,27.15,-17.33,69.72
04/04/2021,74,Greed,131754989,556095,2948881,7313,2.37,27.39,-12.73,69.29
03/04/2021,73,Greed,131198894,531674,2941568,9349,1.81,29.06,-11.24,69.61
02/04/2021,74,Greed,130667220,636543,2932219,10653,2.05,26.72,-12.39,70.06
01/04/2021,74,Greed,130030677,713657,2921566,12455,1.81,26.09,-12.27,71.35
31/03/2021,76,Extreme Greed,129317020,684699,2909111,12833,1.97,26.27,-12.87,70.94
30/03/2021,72,Greed,128632321,569988,2896278,12132,2.7,28.28,-24.57,70.43
29/03/2021,72,Greed,128062333,457623,2884146,8412,2.24,24.67,-22.4,68.6
28/03/2021,74,Greed,127604710,475431,2875734,7284,2.88,26.37,-27.41,67.65
27/03/2021,65,Greed,127129279,585823,2868450,10164,1.87,25.48,-25.4,69.44
26/03/2021,54,Neutral,126543456,642927,2858286,12891,2.12,27.28,-30.31,70.46
25/03/2021,60,Greed,125900529,653391,2845395,11642,2.46,25.76,-41.48,70.83
24/03/2021,65,Greed,125247138,635467,2833753,10426,2.15,25.53,-41.59,71.05
23/03/2021,66,Greed,124611671,515865,2823327,11570,2.13,25.82,-29.99,69.95
22/03/2021,70,Greed,124095806,416314,2811757,7825,2.96,26.43,-29.57,70.03
21/03/2021,73,Greed,123679492,436914,2803932,8512,2.71,26.44,-29.56,68.49
20/03/2021,75,Greed,123242578,501508,2795420,8736,2.24,26.78,-34.12,70.79
19/03/2021,71,Greed,122741070,564368,2786684,10979,2.4,27.71,-31.18,71.73
18/03/2021,72,Greed,122176702,543903,2775705,10725,2.62,27.07,-20.24,71.44
17/03/2021,71,Greed,121632799,551602,2764980,10584,1.86,27.06,-20.03,70.47
16/03/2021,71,Greed,121081197,467561,2754396,10633,2.42,28.26,-19.48,70.64
15/03/2021,76,Extreme Greed,120613636,348978,2743763,7399,2.54,30.5,-18.93,71.18
14/03/2021,78,Extreme Greed,120264658,364419,2736364,5910,2.27,27.58,-6.01,70.26
13/03/2021,74,Greed,119900239,457042,2730454,8435,2.58,28.45,3.18,71.62
12/03/2021,70,Greed,119443197,491790,2722019,9986,2.42,28.59,5.26,72.3
11/03/2021,73,Greed,118951407,479188,2712033,10218,2.2,26.65,4.96,72.64
10/03/2021,68,Greed,118472219,469408,2701815,10135,1.66,25.22,3.67,71.25
09/03/2021,81,Extreme Greed,118002811,415481,2691680,10622,1.83,27.61,3.39,71.11
08/03/2021,81,Extreme Greed,117587330,300288,2681058,7117,2.11,27.97,3.24,72.4
07/03/2021,76,Extreme Greed,117287042,372637,2673941,5887,3.44,27.23,1.67,70.83
06/03/2021,77,Extreme Greed,116914405,415168,2668054,8150,2.07,29.1,-10.01,71.78
05/03/2021,77,Extreme Greed,116499237,449881,2659904,10615,1.58,25.49,-10.57,72.39
04/03/2021,84,Extreme Greed,116049356,456327,2649289,10301,2.01,27.59,-9.86,72.92
03/03/2021,78,Extreme Greed,115593029,443639,2638988,11837,2.04,26.8,-8.15,72.3
02/03/2021,78,Extreme Greed,115149390,313462,2627151,10339,1.62,28.34,-8.15,71.75
01/03/2021,38,Fear,114835928,304794,2616812,7656,2.05,27.28,-8.71,72.63
28/02/2021,55,Greed,114531134,309000,2609156,6226,2.1,25.65,-10.47,70.83
27/02/2021,56,Greed,114222134,394045,2602930,8633,2.2,25.8,-0.36,72.22
26/02/2021,55,Greed,113828089,446974,2594297,10795,1.36,25.28,-1.63,72.57
25/02/2021,79,Extreme Greed,113381115,451043,2583502,10633,1.42,25.76,-2.46,72.87
24/02/2021,76,Extreme Greed,112930072,448152,2572869,12507,1.3,25.51,-2.98,71.99
23/02/2021,94,Extreme Greed,112481920,392056,2560362,11704,1.82,28.42,-2.86,71.71
22/02/2021,94,Extreme Greed,112089864,289756,2548658,7304,1.9,25.56,-2.3,70.65
21/02/2021,91,Extreme Greed,111800108,320727,2541354,6440,1.95,23.92,-7.47,67.69
20/02/2021,91,Extreme Greed,111479381,375829,2534914,8967,1.85,26.73,-17.3,71.8
19/02/2021,93,Extreme Greed,111103552,414214,2525947,11663,1.97,27.23,-18.06,71.72
18/02/2021,91,Extreme Greed,110689338,407899,2514284,11881,2.01,29.27,-17.67,71.53
17/02/2021,95,Extreme Greed,110281439,397891,2502403,11924,2.03,27.48,-17.57,71.96
16/02/2021,95,Extreme Greed,109883548,350329,2490479,11457,1.67,27.84,-19.57,69.97
15/02/2021,93,Extreme Greed,109533219,286411,2479022,7400,2.56,28.04,-20.41,71.15
14/02/2021,95,Extreme Greed,109246808,300059,2471622,6695,3.52,24.75,-13.43,70.32
13/02/2021,92,Extreme Greed,108946749,378216,2464927,10442,1.92,27.1,-1.86,71.97
12/02/2021,92,Extreme Greed,108568533,431548,2454485,13108,1.94,26.71,0.42,72.19
11/02/2021,93,Extreme Greed,108136985,444933,2441377,13684,1.86,25.64,0.81,73.04
10/02/2021,92,Extreme Greed,107692052,439344,2427693,14020,1.89,27.71,0.56,72.91
09/02/2021,95,Extreme Greed,107252708,430820,2413673,16124,2.34,29.22,2.23,72.32
08/02/2021,83,Extreme Greed,106821888,313764,2397549,8697,3.3,27.42,1.82,71.62
07/02/2021,86,Extreme Greed,106508124,405792,2388852,8309,2.02,26.14,-9.6,72.52
06/02/2021,84,Extreme Greed,106102332,381773,2380543,10492,1.94,29.24,-10.21,71.55
05/02/2021,81,Extreme Greed,105720559,535754,2370051,17180,2.05,27.41,-9.86,73.49
04/02/2021,80,Extreme Greed,105184805,469421,2352871,12990,1.9,27.92,-10.63,73.53
03/02/2021,78,Extreme Greed,104715384,527214,2339881,16109,2.09,31.09,-9.93,71.91
02/02/2021,76,Extreme Greed,104188170,460114,2323772,15386,2.69,31.26,-9.56,73.35
01/02/2021,77,Extreme Greed,103728056,443924,2308386,10352,3.45,33.38,-9.56,74.37
31/01/2021,78,Extreme Greed,103284132,389671,2298034,8766,2.7,29.94,2.88,73.39
30/01/2021,76,Extreme Greed,102894461,521339,2289268,13640,2.6,31.65,-3.3,73.69
29/01/2021,77,Extreme Greed,102373122,591824,2275628,15463,2.63,31.1,-5.2,74.27
28/01/2021,55,Greed,101781298,614502,2260165,16996,2.64,32.38,-7.8,74.15
27/01/2021,78,Extreme Greed,101166796,602230,2243169,17328,2.85,31.89,-8.36,73.95
26/01/2021,71,Greed,100564566,556400,2225841,17501,2.26,33.3,-8.88,73.89
25/01/2021,74,Greed,100008166,491214,2208340,10981,3.41,31.42,-9.95,72.39
24/01/2021,70,Greed,99516952,458742,2197359,9202,2.64,30.65,-23.6,72.95
23/01/2021,74,Greed,99058210,575073,2188157,13976,2.53,33.43,-18.79,73.33
22/01/2021,40,Fear,98483137,660675,2174181,16147,1.88,31.14,-19.29,72.69
21/01/2021,75,Greed,97822462,657491,2158034,17108,2.36,32.11,-18.6,73.53
20/01/2021,78,Extreme Greed,97164971,697736,2140926,17739,2.06,32.05,-21.01,72.98
19/01/2021,80,Extreme Greed,96467235,599664,2123187,16911,2.66,32.89,-21.17,71.45
18/01/2021,79,Extreme Greed,95867571,514053,2106276,9717,2.83,31.73,-18.8,73.2
17/01/2021,79,Extreme Greed,95353518,529021,2096559,9100,2.86,32.22,-18.06,71.76
16/01/2021,84,Extreme Greed,94824497,647964,2087459,13758,2.81,31.97,-27.53,74.06
15/01/2021,88,Extreme Greed,94176533,773496,2073701,15063,2.01,31.66,-32.45,74.84
14/01/2021,83,Extreme Greed,93403037,760118,2058638,15473,2,31.26,-32.89,74.28
13/01/2021,78,Extreme Greed,92642919,751173,2043165,16657,2.66,33.66,-29.74,72.8
12/01/2021,84,Extreme Greed,91891746,701067,2026508,17365,2.31,30.86,-40.03,73.19
11/01/2021,90,Extreme Greed,91190679,616587,2009143,10043,2.5,30.05,-43.25,72.88
10/01/2021,94,Extreme Greed,90574092,590667,1999100,8767,3.03,30.3,-45.86,71.47
09/01/2021,93,Extreme Greed,89983425,762852,1990333,12978,1.9,31.67,-42.77,73.93
08/01/2021,93,Extreme Greed,89220573,816961,1977355,15271,2.45,25.5,-36.29,72.66
07/01/2021,91,Extreme Greed,88403612,892721,1962084,15134,2.06,30.66,-33.28,73.42
06/01/2021,95,Extreme Greed,87510891,791329,1946950,15105,2.25,35.46,-36.72,74.98
05/01/2021,93,Extreme Greed,86719562,743799,1931845,15426,2.47,34.73,-25.57,73.67
04/01/2021,94,Extreme Greed,85975763,550297,1916419,10003,1.81,36.22,-25.6,74.75
03/01/2021,93,Extreme Greed,85425466,522965,1906416,7601,1.96,37.59,-11.18,75.89
02/01/2021,94,Extreme Greed,84902501,605638,1898815,8483,3.16,40.66,-1.39,74.79
01/01/2021,94,Extreme Greed,84296863,566625,1890332,9664,3.99,39.23,-1.68,77.04
31/12/2020,95,Extreme Greed,83730238,777487,1880668,13307,3.12,40.37,-2.4,76.21
30/12/2020,91,Extreme Greed,82952751,740710,1867361,15401,3.48,38.21,-0.19,75.58
29/12/2020,91,Extreme Greed,82212041,672416,1851960,15349,2.5,36.8,-13.51,74.56
28/12/2020,92,Extreme Greed,81539625,488143,1836611,9570,3.38,36.3,-13.42,76.15
27/12/2020,91,Extreme Greed,81051482,433132,1827041,7721,3.95,38.45,-25.57,74.75
26/12/2020,93,Extreme Greed,80618350,507698,1819320,7552,3.61,38.73,-39.55,72.86
25/12/2020,94,Extreme Greed,80110652,480400,1811768,8708,4.11,39.08,-50.64,75.23
24/12/2020,86,Extreme Greed,79630252,682169,1803060,11829,3.86,37.29,-61.05,74.67
23/12/2020,93,Extreme Greed,78948083,696271,1791231,13640,4.2,38.46,-62.88,75.74
22/12/2020,88,Extreme Greed,78251812,661643,1777591,14352,4.22,37.95,-51.02,74.73
21/12/2020,92,Extreme Greed,77590169,540313,1763239,9515,4.81,41.97,-48.29,74.62
20/12/2020,92,Extreme Greed,77049856,532153,1753724,8072,4.41,40.85,-46.02,74.36
19/12/2020,93,Extreme Greed,76517703,625006,1745652,10996,2.89,36.15,-32.13,74.24
18/12/2020,95,Extreme Greed,75892697,721601,1734656,12909,2.74,33.89,-22.26,73.9
17/12/2020,92,Extreme Greed,75171096,741518,1721747,13392,2.74,35.2,-12.96,75.04
16/12/2020,92,Extreme Greed,74429578,731957,1708355,13707,2,34.83,-9.74,74.48
15/12/2020,91,Extreme Greed,73697621,652512,1694648,13921,2.62,35.9,-8.23,73.97
14/12/2020,95,Extreme Greed,73045109,531758,1680727,9083,2.77,34.8,-7.09,74.65
13/12/2020,91,Extreme Greed,72513351,530148,1671644,7772,2.36,36.25,0.09,73.64
12/12/2020,90,Extreme Greed,71983203,641788,1663872,10730,2.56,34.22,-1.07,74.88
11/12/2020,89,Extreme Greed,71341415,708580,1653142,13075,1.87,33.67,1.93,73.75
10/12/2020,94,Extreme Greed,70632835,1503570,1640067,12664,2.91,34.83,3.45,75.04
09/12/2020,86,Extreme Greed,69129265,671999,1627403,12527,3.56,35.57,3.44,74.78
08/12/2020,95,Extreme Greed,68457266,652304,1614876,12459,2.88,36.46,3.45,74.83
07/12/2020,94,Extreme Greed,67804962,515425,1602417,8662,2.71,36.31,2.03,74.91
06/12/2020,95,Extreme Greed,67289537,537323,1593755,7682,3.16,33.88,5.76,74.23
05/12/2020,93,Extreme Greed,66752214,649177,1586073,10344,2.07,36.28,6.9,74.03
04/12/2020,92,Extreme Greed,66103037,687813,1575729,12459,2.05,35.03,7.3,75.75
03/12/2020,92,Extreme Greed,65415224,696787,1563270,12573,2.97,36.41,-1.53,74.79
02/12/2020,92,Extreme Greed,64718437,654984,1550697,12565,2.66,36.68,-4.79,74.96
01/12/2020,95,Extreme Greed,64063453,619957,1538132,12852,2.79,35.22,-6.31,74.35
30/11/2020,88,Extreme Greed,63443496,503862,1525280,8866,3.92,32.56,-6.36,73.52
29/11/2020,89,Extreme Greed,62939634,489616,1516414,7332,3.03,34.91,-4.08,72.5
28/11/2020,87,Extreme Greed,62450018,590052,1509082,9290,2.94,36.3,-5.09,72.19
27/11/2020,86,Extreme Greed,61859966,682821,1499792,11408,2.89,35.31,-6.19,73.51
26/11/2020,93,Extreme Greed,61177145,589216,1488384,10993,2.46,37.62,1.74,74.82
25/11/2020,94,Extreme Greed,60587929,639019,1477391,12051,3.3,35.98,2.36,75.11
24/11/2020,88,Extreme Greed,59948910,593143,1465340,12822,2.13,36.79,3.49,73.1
23/11/2020,90,Extreme Greed,59355767,522543,1452518,8477,2.77,39.29,4.34,74.64
22/11/2020,94,Extreme Greed,58833224,488192,1444041,7437,5.03,37.34,2.85,72.8
21/11/2020,91,Extreme Greed,58345032,590957,1436604,9040,3.88,38.23,6.3,74.69
20/11/2020,86,Extreme Greed,57754075,672747,1427564,11799,3.31,38.04,6.82,75.83
19/11/2020,94,Extreme Greed,57081328,654463,1415765,11114,2.46,36.95,7.88,74.32
18/11/2020,91,Extreme Greed,56426865,627446,1404651,11387,2.57,35.13,9.46,74.62
17/11/2020,86,Extreme Greed,55799419,612497,1393264,11166,2.93,36.95,8.61,74
16/11/2020,90,Extreme Greed,55186922,529791,1382098,7878,3.15,36.83,7.57,74.82
15/11/2020,86,Extreme Greed,54657131,475507,1374220,6596,3.44,37.06,1.99,74.79
14/11/2020,90,Extreme Greed,54181624,599559,1367624,9239,3.84,35.62,-1.33,75.22
13/11/2020,89,Extreme Greed,53582065,653081,1358385,9639,2.73,34.5,-0.34,75.47
12/11/2020,87,Extreme Greed,52928984,646444,1348746,9932,2.66,34.55,-0.67,74.63
11/11/2020,86,Extreme Greed,52282540,651681,1338814,10534,2.01,33.12,1.33,74.94
10/11/2020,90,Extreme Greed,51630859,565160,1328280,10115,2.58,36.15,1.34,73.12
09/11/2020,90,Extreme Greed,51065699,465454,1318165,7216,3.52,32.64,1.44,74.18
08/11/2020,82,Extreme Greed,50600245,484746,1310949,6022,4.16,30.32,-6.5,72.79
07/11/2020,88,Extreme Greed,50115499,602302,1304927,7734,3.01,29.91,-18.83,74.42
06/11/2020,90,Extreme Greed,49513197,645236,1297193,9764,2.45,31.23,-22.75,73.37
05/11/2020,72,Greed,48867961,597427,1287429,8118,2.87,32.45,-22.73,72.56
04/11/2020,74,Greed,48270534,598546,1279311,10572,4.26,33.76,-24.04,74.32
03/11/2020,71,Greed,47671988,520415,1268739,9061,3.83,33.01,-23.83,73.99
02/11/2020,71,Greed,47151573,502983,1259678,5838,4.26,34.82,-24,74.41
01/11/2020,72,Greed,46648590,471856,1253840,5138,3.93,35.07,-10.58,74.51
31/10/2020,73,Greed,46176734,488030,1248702,6727,3.04,32.53,-0.24,75.34
30/10/2020,74,Greed,45688704,567538,1241975,7894,3.44,33.18,2.91,75.78
29/10/2020,67,Greed,45121166,538733,1234081,7132,3.02,33.87,3.88,75.19
28/10/2020,70,Greed,44582433,518848,1226949,7261,2.59,32.57,1.75,74.82
27/10/2020,61,Greed,44063585,471826,1219688,7485,2.34,33,1.92,73.1
26/10/2020,75,Greed,43591759,439880,1212203,5582,3.37,36.27,2.28,74.17
25/10/2020,76,Extreme Greed,43151879,400261,1206621,4208,3,34.05,0.96,73.85
24/10/2020,73,Greed,42751618,456169,1202413,5856,3.2,34.52,1.48,74.42
23/10/2020,74,Greed,42295449,507239,1196557,7091,2.68,33.67,1.53,75.13
22/10/2020,73,Greed,41788210,472558,1189466,5896,2.6,34.25,0.25,74.42
21/10/2020,61,Greed,41315652,444152,1183570,6862,1.98,33.51,1.61,74.76
20/10/2020,56,Greed,40871500,389181,1176708,6654,3.1,34.55,1.53,73.16
19/10/2020,55,Greed,40482319,386453,1170054,4896,2.81,33.98,1.81,73.41
18/10/2020,55,Greed,40095866,316986,1165158,3592,3.1,34.27,4.81,72.59
17/10/2020,56,Greed,39778880,374859,1161566,5707,3.5,35.58,5.95,74.08
16/10/2020,52,Neutral,39404021,411917,1155859,6310,3.45,36.02,5.42,74.81
15/10/2020,56,Greed,38992104,407613,1149549,6076,1.97,34.18,5.53,74.79
14/10/2020,53,Neutral,38584491,381679,1143473,6202,2.52,34.54,4.8,74.21
13/10/2020,56,Greed,38202812,318414,1137271,5366,2.51,32.82,4.95,72.71
12/10/2020,52,Neutral,37884398,291923,1131905,4059,2.38,33.05,4.52,72.37
11/10/2020,55,Greed,37592475,288112,1127846,4111,3.75,34.23,3.32,71.91
10/10/2020,53,Neutral,37304363,357984,1123735,4915,3,34.75,-2.58,75.2
09/10/2020,48,Neutral,36946379,361520,1118820,6253,2.73,36.06,-1.45,74.29
08/10/2020,46,Fear,36584859,361802,1112567,6299,2.97,34.21,-1.23,74.88
07/10/2020,43,Fear,36223057,350154,1106268,5907,3.22,35.3,1.16,74.19
06/10/2020,47,Neutral,35872903,330865,1100361,5855,3.68,36.47,1.63,75.25
05/10/2020,42,Fear,35542038,295140,1094506,6993,4.17,40.18,3.29,75.2
04/10/2020,42,Fear,35246898,274593,1087513,4021,3.13,41.73,-3.67,75.09
03/10/2020,40,Fear,34972305,320382,1083492,5464,2.53,41.12,2.34,75.78
02/10/2020,41,Fear,34651923,306041,1078028,5167,2.55,32.07,2.47,74.66
01/10/2020,45,Fear,34345882,313148,1072861,8710,2.66,31.27,2.93,73.89
30/09/2020,49,Neutral,34032734,325498,1064151,6510,2.87,32.2,3.53,73.76
29/09/2020,45,Fear,33707236,283558,1057641,6119,2.36,30.14,5.13,71.41
28/09/2020,43,Fear,33423678,252024,1051522,3999,2.54,30.12,5.61,71.18
27/09/2020,47,Neutral,33171654,255163,1047523,3829,4.1,29.95,12.52,71.96
26/09/2020,45,Fear,32916491,289633,1043694,5578,2.15,31.36,11.42,73.11
25/09/2020,46,Fear,32626858,336043,1038116,5920,2.11,31.2,11.2,74.08
24/09/2020,39,Fear,32290815,354058,1032196,6581,2.33,31.08,10.73,72.52
23/09/2020,43,Fear,31936757,274729,1025615,5570,2.68,32.89,11.86,74.66
22/09/2020,39,Fear,31662028,285237,1020045,6254,2.37,30.44,11.64,72.33
21/09/2020,48,Neutral,31376791,274607,1013791,4321,2.48,28.34,11.32,70.1
20/09/2020,52,Neutral,31102184,253714,1009470,3969,2.64,26.75,11.37,70.27
19/09/2020,48,Neutral,30848470,293501,1005501,5370,3,31.78,4.24,74.03
18/09/2020,49,Neutral,30554969,326229,1000131,5891,3.26,31.01,4.38,74.54
17/09/2020,48,Neutral,30228740,315044,994240,5603,2.57,31.66,4.31,75.02
16/09/2020,43,Fear,29913696,303905,988637,5901,2.29,31.09,3.4,74.2
15/09/2020,47,Neutral,29609791,369139,982736,7675,2.25,31.23,2.07,73.06
14/09/2020,39,Fear,29240652,178456,975061,3458,3.02,31.98,2.29,72.89
13/09/2020,38,Fear,29062196,243336,971603,3956,2.75,31.85,-8.69,70.87
12/09/2020,41,Fear,28818860,287870,967647,5103,2.83,31.49,-0.77,73.27
11/09/2020,41,Fear,28530990,321450,962544,6023,3.09,31.95,0.65,74.15
10/09/2020,38,Fear,28209540,299074,956521,6019,2.86,31.94,0.77,74.1
09/09/2020,38,Fear,27910466,293943,950502,6406,2.28,32.9,0.62,73.99
08/09/2020,41,Fear,27616523,237555,944096,5105,2.51,32.08,1.64,70.77
07/09/2020,41,Fear,27378968,213474,938991,9388,2.06,30.25,1.45,72.03
06/09/2020,41,Fear,27165494,239025,929603,4378,2.81,31.51,6.38,71.67
05/09/2020,41,Fear,26926469,271041,925225,5229,3.12,32.78,6.52,73.18
04/09/2020,40,Fear,26655428,306235,919996,5636,2.59,33.43,4.9,74.68
03/09/2020,79,Extreme Greed,26349193,274268,914360,6069,2.39,33.05,5.12,74.74
02/09/2020,83,Extreme Greed,26074925,282233,908291,6272,2.16,32.81,5.61,74.49
01/09/2020,75,Greed,25792692,266879,902019,6675,2.22,33.48,3.99,73.64
31/08/2020,75,Greed,25525813,262203,895344,4274,2.41,32.06,3.78,73.8
30/08/2020,75,Greed,25263610,221564,891070,4422,3.36,30.93,1.78,69.7
29/08/2020,79,Extreme Greed,25042046,266683,886648,5683,3.19,32.04,0.53,73.19
28/08/2020,74,Greed,24775363,283950,880965,5857,2.24,31.45,1.83,74.53
27/08/2020,75,Greed,24491413,281693,875108,6235,2.58,32.37,3.05,74.12
26/08/2020,76,Extreme Greed,24209720,280536,868873,6562,2.48,34.14,1.32,74.95
25/08/2020,75,Greed,23929184,244408,862311,6639,2.33,34.44,2.09,73.98
24/08/2020,78,Extreme Greed,23684776,224365,855672,4667,3.79,34.27,0.95,74.2
23/08/2020,76,Extreme Greed,23460411,217826,851005,4744,4.17,34.87,2.81,72.22
22/08/2020,78,Extreme Greed,23242585,255011,846261,5485,3.41,34.47,-2.01,74.17
21/08/2020,81,Extreme Greed,22987574,261849,840776,5750,2.11,33.33,-4.61,73.47
20/08/2020,75,Greed,22725725,273210,835026,6414,2.7,33.6,-5.29,73.65
19/08/2020,80,Extreme Greed,22452515,275619,828612,7075,2.95,34.74,-11.04,74
18/08/2020,82,Extreme Greed,22176896,256124,821537,7043,3.01,34.49,-12.19,72.65
17/08/2020,83,Extreme Greed,21920772,206562,814494,-838,3.04,35.5,-12.75,73.69
16/08/2020,82,Extreme Greed,21714210,216078,815332,4809,2.72,35.55,-17.18,72.82
15/08/2020,79,Extreme Greed,21498132,253598,810523,6002,2.12,34.96,-12.28,74.13
14/08/2020,78,Extreme Greed,21244534,302065,804521,6623,2.37,35.98,-9.28,73.82
13/08/2020,75,Greed,20942469,278603,797898,6581,2.4,35.41,-10.62,73.87
12/08/2020,75,Greed,20663866,283055,791317,7317,2.55,35.3,-4.55,73.99
11/08/2020,84,Extreme Greed,20380811,261682,784000,6696,2.28,34.98,-4.1,73.07
10/08/2020,78,Extreme Greed,20119129,223981,777304,5209,3.69,37.05,-4.55,75.1
09/08/2020,79,Extreme Greed,19895148,228050,772095,5177,2.99,36.24,-3.65,72.45
08/08/2020,77,Extreme Greed,19667098,260267,766918,6134,2.44,36.32,-8.73,74.19
07/08/2020,77,Extreme Greed,19406831,284277,760784,6829,3.05,36.78,-11.67,75.02
06/08/2020,79,Extreme Greed,19122554,283198,753955,7464,2.41,36.69,-12.49,74.5
05/08/2020,75,Greed,18839356,277314,746491,7521,2.36,35.49,-14.96,74.59
04/08/2020,72,Greed,18562042,254370,738970,7067,2.23,36.15,-16.88,73.06
03/08/2020,75,Greed,18307672,207440,731903,4769,3.78,40.42,-16.53,72
02/08/2020,80,Extreme Greed,18100232,231754,727134,4686,3.94,35.98,-8.58,73.24
01/08/2020,75,Greed,17868478,252138,722448,6238,2.61,37.84,-11.45,75.81
31/07/2020,75,Greed,17616340,290806,716210,6660,2.47,38.55,-16.07,74.7
30/07/2020,76,Extreme Greed,17325534,280769,709550,6846,2.8,38.67,-14.91,74.8
29/07/2020,71,Greed,17044765,336407,702704,7830,2.99,39.02,-12.44,75.09
28/07/2020,76,Extreme Greed,16708358,201652,694874,5874,2.81,40.12,-11.69,73.52
27/07/2020,58,Greed,16506706,234502,689000,5485,3.24,39.05,-12.53,72.92
26/07/2020,55,Greed,16272204,207249,683515,4062,3.49,39.59,-19.29,71.83
25/07/2020,55,Greed,16064955,255302,679453,6254,2.67,37.45,-16.21,74.39
24/07/2020,53,Neutral,15809653,282749,673199,6642,2.6,39.49,-9.45,74.39
23/07/2020,55,Greed,15526904,282843,666557,6696,3.1,37.3,-6.86,73.87
22/07/2020,50,Neutral,15244061,279692,659861,7411,2.64,38.28,-7.45,73.86
21/07/2020,44,Fear,14964369,240977,652450,6781,2.7,37.49,-7.02,72.18
20/07/2020,44,Fear,14723392,199122,645669,3338,3.15,40.21,-8.29,72.71
19/07/2020,41,Fear,14524270,214923,642331,4879,2.95,38.51,-9.39,71.25
18/07/2020,44,Fear,14309347,238073,637452,6598,2.76,38.55,-9.41,73.66
17/07/2020,41,Fear,14071274,250876,630854,6970,3.07,37.78,-9.31,73.69
16/07/2020,43,Fear,13820398,248950,623884,6203,3.18,38.68,-11.23,73.4
15/07/2020,44,Fear,13571448,231463,617681,5886,2.68,38.75,-9.13,73.55
14/07/2020,43,Fear,13339985,219180,611795,6032,2.52,38.07,-6.87,71.74
13/07/2020,43,Fear,13120805,191743,605763,4344,3.84,41.92,-3.01,72.09
12/07/2020,41,Fear,12929062,194397,601419,4313,3.95,40.6,5,70.42
11/07/2020,44,Fear,12734665,219643,597106,5391,2.75,37.83,9.1,72.26
10/07/2020,41,Fear,12515022,231515,591715,5651,2.67,37.56,9.4,74.03
09/07/2020,44,Fear,12283507,223716,586064,5837,3,38.5,11.98,72.34
08/07/2020,44,Fear,12059791,213404,580227,5693,2.56,39.28,10.45,73.08
07/07/2020,43,Fear,11846387,208447,574534,6398,2.92,39.19,9.86,72.98
06/07/2020,40,Fear,11637940,168764,568136,4128,4.58,41.99,9.38,72.42
05/07/2020,38,Fear,11469176,183011,564008,3897,3.03,40.89,9.07,70.51
04/07/2020,40,Fear,11286165,195530,560111,4784,3.28,38.9,12.02,73.17
03/07/2020,41,Fear,11090635,205229,555327,5471,2.86,38.44,11.68,72.67
02/07/2020,42,Fear,10885406,178761,549856,5485,2.51,38.61,8.74,72.9
01/07/2020,42,Fear,10706645,216678,544371,5327,2.54,38.38,10.55,72.17
30/06/2020,44,Fear,10489967,176125,539044,5995,2.82,39.35,11.52,73.18
29/06/2020,41,Fear,10313842,152802,533049,3904,4.28,41.29,11.91,70.5
28/06/2020,40,Fear,10161040,170146,529145,3589,3.24,40.73,14.49,69.32
27/06/2020,43,Fear,9990894,178338,525556,4862,3.2,39.05,11.93,72.77
26/06/2020,40,Fear,9812556,192053,520694,5208,2.67,39.17,11.71,73.88
25/06/2020,43,Fear,9620503,179264,515486,6909,3.24,38.79,12.82,72.89
24/06/2020,50,Neutral,9441239,169306,508577,5532,2.86,37.62,12.96,71.54
23/06/2020,41,Fear,9271933,166666,503045,5659,2.52,38.58,12.71,71.29
22/06/2020,38,Fear,9105267,143199,497386,3982,3.49,41.69,12.51,69.86
21/06/2020,37,Fear,8962068,164379,493404,4531,3.12,39.31,3.11,70.07
20/06/2020,38,Fear,8797689,123893,488873,4587,2.47,37.84,-4.6,72.28
19/06/2020,39,Fear,8673796,179827,484286,6493,2.32,36.71,-16.07,73.23
18/06/2020,40,Fear,8493969,139369,477793,5376,2.78,37.34,-17.17,74.17
17/06/2020,38,Fear,8354600,178406,472417,5674,2.62,38.8,-18.31,73.28
16/06/2020,39,Fear,8176194,139360,466743,7135,2.25,39.23,-25.41,73.19
15/06/2020,37,Fear,8036834,132087,459608,4246,3.13,41.09,-25.38,70.21
14/06/2020,40,Fear,7904747,134090,455362,3595,3.19,41.45,-25.93,68.34
13/06/2020,38,Fear,7770657,134006,451767,4611,3.24,38.8,-17.79,73.51
12/06/2020,38,Fear,7636651,119006,447156,4512,2.36,37.76,-6.83,73.72
11/06/2020,52,Neutral,7517645,153346,442644,5630,2.2,37.19,-7.53,74.33
10/06/2020,54,Neutral,7364299,118973,437014,5141,2.52,38,-8.41,72.95
09/06/2020,52,Neutral,7245326,123316,431873,5264,2.38,38.83,-3.24,73.27
08/06/2020,53,Neutral,7122010,107124,426609,4276,3.24,41.1,-5.14,68.22
07/06/2020,54,Neutral,7014886,114520,422333,3216,3.24,39.33,-5.32,70.94
06/06/2020,54,Neutral,6900366,126027,419117,4305,2.4,38.58,-10.24,73.41
05/06/2020,53,Neutral,6774339,137427,414812,5411,2.39,39.2,-16.83,73.81
04/06/2020,54,Neutral,6636912,128211,409401,5511,2.45,38.31,-16.14,73.99
03/06/2020,48,Neutral,6508701,118641,403890,5919,2.77,37.42,-14.78,73.95
02/06/2020,56,Greed,6390060,121100,397971,5268,2.92,39.1,-12.78,73.22
01/06/2020,50,Neutral,6268960,98913,392703,3973,4.1,42.1,-11.29,71.41
31/05/2020,51,Neutral,6170047,107743,388730,3230,3.75,40.92,-12.1,71.09
30/05/2020,48,Neutral,6062304,134856,385500,4577,2.74,41.21,-12.14,76.43
29/05/2020,48,Neutral,5927448,115453,380923,5074,2.85,44.14,-13.29,75.71
28/05/2020,41,Fear,5811995,116751,375849,5062,3.08,44.25,-13.61,76.82
27/05/2020,39,Fear,5695244,102808,370787,5404,3.11,45.54,-14.19,75.54
26/05/2020,39,Fear,5592436,94267,365383,4674,3.39,49.93,-15.05,72.73
25/05/2020,41,Fear,5498169,87278,360709,1582,4.2,52.75,-15.93,75.54
24/05/2020,43,Fear,5410891,97401,359127,3349,3.9,50.74,-16.51,71.87
23/05/2020,40,Fear,5313490,99066,355778,4317,3.28,45.82,-20.95,76.27
22/05/2020,42,Fear,5214424,108548,351461,5699,3.02,45.61,-19.78,77.07
21/05/2020,49,Neutral,5105876,106106,345762,5170,3.08,47.3,-19.78,77.35
20/05/2020,52,Neutral,4999770,98902,340592,5228,3.14,47.03,-22.75,76.61
19/05/2020,50,Neutral,4900868,95247,335364,5194,2.9,47.82,-24.21,77.17
18/05/2020,50,Neutral,4805621,88132,330170,3765,4.01,53.11,-29.76,75.24
17/05/2020,40,Fear,4717489,80440,326405,3738,3.18,45.89,-30.1,75.03
16/05/2020,41,Fear,4637049,91694,322667,4573,3.36,46.84,-30.49,76.13
15/05/2020,44,Fear,4545355,100525,318094,5689,3.65,48.27,-32.36,80.09
14/05/2020,40,Fear,4444830,94392,312405,5605,3.5,48.57,-31.82,77.76
13/05/2020,41,Fear,4350438,85617,306800,5520,3.24,48.66,-31.4,76.53
12/05/2020,39,Fear,4264821,84970,301280,5974,3.66,49.35,-31.48,77.23
11/05/2020,40,Fear,4179851,75119,295306,4093,6.18,58.41,-31.66,76.58
10/05/2020,48,Neutral,4104732,78049,291213,3899,4.94,52.21,-30.16,72.71
09/05/2020,56,Greed,4026683,85250,287314,4802,3.45,47.69,-30.34,77.44
08/05/2020,55,Greed,3941433,91816,282512,5713,3.07,47.97,-30.06,79.37
07/05/2020,49,Neutral,3849617,90528,276799,6096,3.24,50.05,-32.24,78.88
06/05/2020,42,Fear,3759089,93801,270703,6797,3.12,49.84,-32.28,78.46
05/05/2020,40,Fear,3665288,79417,263906,5917,3.56,51.32,-38.04,77.92
04/05/2020,44,Fear,3585871,75831,257989,4480,5.65,57.65,-33.97,77.25
03/05/2020,45,Fear,3510040,77692,253509,4088,4.54,50.75,-34.94,76.86
02/05/2020,40,Fear,3432348,83467,249421,5692,3.55,49.39,-34.72,81.52
01/05/2020,40,Fear,3348881,87790,243729,5577,3.39,49.1,-34.5,79.27
30/04/2020,44,Fear,3261091,63175,238152,5854,3.44,50.79,-34.23,78.5
29/04/2020,26,Fear,3197916,78574,232298,10674,3.55,51.48,-34.76,80.74
28/04/2020,26,Fear,3119342,75168,221624,6276,3.57,51.2,-33.82,79.58
27/04/2020,28,Fear,3044174,70430,215348,4884,5.22,57.88,-38.03,78.13
26/04/2020,21,Extreme Fear,2973744,74256,210464,4083,4.49,54.28,-38.63,74.92
25/04/2020,24,Extreme Fear,2899488,86862,206381,5976,4.14,53.46,-39.18,80.73
24/04/2020,20,Extreme Fear,2812626,102847,200405,6486,3.8,52.84,-42.94,79.93
23/04/2020,19,Extreme Fear,2709779,79893,193919,7957,3.94,53.04,-50.52,79
22/04/2020,19,Extreme Fear,2629886,79222,185962,6690,3.83,54.26,-58.89,80.13
21/04/2020,17,Extreme Fear,2550664,77281,179272,6703,4.21,53.99,-63.6,79.43
20/04/2020,15,Extreme Fear,2473383,70507,172569,5164,5.52,61.16,-66.38,79.33
19/04/2020,16,Extreme Fear,2402876,79982,167405,5678,5.19,61.29,-66.34,77.77
18/04/2020,18,Extreme Fear,2322894,81352,161727,5842,4.46,56.62,-66.84,80.04
17/04/2020,15,Extreme Fear,2241542,87845,155885,10176,4.2,55.79,-65.97,80.07
16/04/2020,13,Extreme Fear,2153697,96408,145709,9695,4.23,56,-61.51,81.01
15/04/2020,18,Extreme Fear,2057289,80896,136014,8329,4.11,56.55,-56.22,80.19
14/04/2020,15,Extreme Fear,1976393,71213,127685,6632,4.65,57.9,-51.56,80.27
13/04/2020,11,Extreme Fear,1905180,70297,121053,5568,6.41,63.99,-51.62,79.42
12/04/2020,10,Extreme Fear,1834883,98978,115485,5786,6.6,64.54,-51.82,79.41
11/04/2020,15,Extreme Fear,1735905,78234,109699,6110,5.79,62.26,-52.56,79.76
10/04/2020,15,Extreme Fear,1657671,93293,103589,7136,4.53,58.37,-53.96,82.95
09/04/2020,22,Extreme Fear,1564378,83781,96453,7189,5.03,56.77,-56.64,81.75
08/04/2020,21,Extreme Fear,1480597,85279,89264,6529,5.16,57.33,-60.57,82.39
07/04/2020,20,Extreme Fear,1395318,73252,82735,7384,4.94,59.18,-55.74,81.17
06/04/2020,12,Extreme Fear,1322066,72477,75351,5311,6.66,68.46,-56.68,79.84
05/04/2020,12,Extreme Fear,1249589,72168,70040,4878,7.06,66.34,-57.42,78.73
04/04/2020,12,Extreme Fear,1177421,80627,65162,5943,5.79,60.11,-56.75,81.4
03/04/2020,14,Extreme Fear,1096794,83504,59219,5869,4.94,58.45,-56.9,82.59
02/04/2020,14,Extreme Fear,1013290,80429,53350,5829,5.23,56.45,-59.05,81.19
01/04/2020,12,Extreme Fear,932861,75060,47521,5196,4.8,55.95,-60.36,81.1
31/03/2020,12,Extreme Fear,857801,75091,42325,4503,5.3,58.16,-69.92,82.31
30/03/2020,10,Extreme Fear,782710,62344,37822,3673,9.21,69.27,-67.34,81.45
29/03/2020,12,Extreme Fear,720366,56938,34149,3258,7.86,66.2,-66.33,80.99
28/03/2020,8,Extreme Fear,663428,69662,30891,3567,5.92,59.03,-65.87,83.93
27/03/2020,12,Extreme Fear,593766,63653,27324,3222,5.42,59.51,-62.59,82.12
26/03/2020,14,Extreme Fear,530113,62124,24102,2803,6.25,59.5,-59.65,81.68
25/03/2020,13,Extreme Fear,467989,49739,21299,2586,6.63,60.07,-59.01,82.2
24/03/2020,12,Extreme Fear,418250,39299,18713,2128,6.13,58.66,-58.59,80.8
23/03/2020,10,Extreme Fear,378951,40463,16585,1903,8.05,68.87,-61.35,82.61
22/03/2020,11,Extreme Fear,338488,34669,14682,1666,9.02,66.59,-61.38,78.7
21/03/2020,9,Extreme Fear,303819,32375,13016,1669,6.9,56.92,-61.88,79.88
20/03/2020,9,Extreme Fear,271444,29570,11347,1440,6.98,55.71,-64.22,78.2
19/03/2020,12,Extreme Fear,241874,27630,9907,1138,6.49,52.98,-66.26,77.86
18/03/2020,11,Extreme Fear,214244,17643,8769,841,6.32,52.11,-65.23,76.57
17/03/2020,8,Extreme Fear,196601,15576,7928,780,6.58,50.22,-66.03,75.58
16/03/2020,9,Extreme Fear,181025,14023,7148,695,8.8,61.16,-68.7,78.98
15/03/2020,12,Extreme Fear,167002,11144,6453,630,7.68,55.88,-68.71,75.51
14/03/2020,8,Extreme Fear,155858,10885,5823,416,7.01,47.08,-68.52,66.99
13/03/2020,10,Extreme Fear,144973,16781,5407,679,6.06,41.48,-60.96,65.37
12/03/2020,14,Extreme Fear,128192,2479,4728,108,4.07,33.27,-54.37,64.62
11/03/2020,17,Extreme Fear,125713,7241,4620,354,4.26,31.24,-46.61,61.62
10/03/2020,16,Extreme Fear,118472,4799,4266,262,4.78,28.57,-38.29,60.74
09/03/2020,17,Extreme Fear,113673,3948,4004,199,5.23,29.85,-33.72,61.18
08/03/2020,33,Fear,109725,3971,3805,241,4.03,28.3,-30.93,58.12
07/03/2020,38,Fear,105754,4061,3564,103,3.38,24.68,-32.29,57.43
06/03/2020,39,Fear,101693,3802,3461,113,2.83,21.96,-37.14,57.05
05/03/2020,41,Fear,97891,2811,3348,94,2.84,22.19,-42.39,55.65
04/03/2020,40,Fear,95080,2251,3254,94,2.59,21.12,-48.56,55.2
03/03/2020,38,Fear,92829,2545,3160,74,2.69,19.7,-53.82,54.71
02/03/2020,38,Fear,90284,1939,3086,89,3,20.38,-55.2,57.26
01/03/2020,39,Fear,88345,2353,2997,55,2.86,17.23,-58.76,54.89
29/02/2020,38,Fear,85992,1886,2942,70,3.04,18.5,-57.06,53.28
28/02/2020,40,Fear,84106,1369,2872,58,2.29,15.64,-56.89,48.77
27/02/2020,39,Fear,82737,1357,2814,44,1.68,14.23,-50,46.31
26/02/2020,41,Fear,81380,982,2770,62,1.33,11.63,-49.36,43
25/02/2020,44,Fear,80398,846,2708,79,1.62,12.77,-49.33,41.51
24/02/2020,46,Fear,79552,589,2629,160,1.58,12.02,-52.26,41.22
23/02/2020,46,Fear,78963,386,2469,11,1.12,9.27,-44.11,36.84
22/02/2020,43,Fear,78577,1756,2458,207,1.21,9.96,-39.86,35.43
21/02/2020,44,Fear,76821,644,2251,4,0.72,8.7,-39.99,36.01
20/02/2020,44,Fear,76177,558,2247,125,0.63,8.77,-41.49,36.49
19/02/2020,50,Neutral,75619,503,2122,115,0.72,10.43,-37.42,39.91
18/02/2020,53,Neutral,75116,1878,2007,139,1.05,11.26,-32.9,39.55
17/02/2020,49,Neutral,73238,2034,1868,98,1.28,10.16,-30.11,40.06
16/02/2020,59,Greed,71204,2193,1770,104,1.13,8.86,-33.29,37.67
15/02/2020,64,Greed,69011,2143,1666,143,0.8,9.11,-34.11,37.85
14/02/2020,63,Greed,66868,6517,1523,152,0.73,9.89,-27.7,39.8
13/02/2020,65,Greed,60351,15147,1371,253,0.88,9.25,-26.06,38.66
12/02/2020,61,Greed,45204,419,1118,5,0.88,8.95,-26.12,38.07
11/02/2020,52,Neutral,44785,2040,1113,100,1.04,9.83,-25.48,37.24
10/02/2020,57,Greed,42745,2610,1013,107,1.69,10.38,-28.14,41.74
09/02/2020,56,Greed,40135,3030,906,100,1.81,9.45,-33.6,39.66
08/02/2020,56,Greed,37105,2725,806,87,1.33,8.83,-38.67,39.45
07/02/2020,56,Greed,34380,3574,719,85,1.19,9.31,-45.14,37.3
06/02/2020,61,Greed,30806,3182,634,70,0.93,10.44,-52.04,37.66
05/02/2020,53,Neutral,27624,3742,564,72,1.27,10.5,-52.33,37.03
04/02/2020,56,Greed,23882,4009,492,66,1.74,11.12,-52.9,38.57
03/02/2020,59,Greed,19873,3094,426,64,1.48,12.33,-49.66,45.81
02/02/2020,57,Greed,16779,4749,362,103,1.49,10.41,-49.69,42.32
01/02/2020,57,Greed,12030,2113,259,46,1.48,11.27,-49.34,40.39
31/01/2020,55,Greed,9917,1690,213,42,1.34,9.85,-52.11,37.71
30/01/2020,57,Greed,8227,2069,171,38,1.22,9.82,-51.87,36.28
29/01/2020,57,Greed,6158,584,133,2,1.07,9.06,-57.24,34.2
28/01/2020,54,Neutral,5574,2651,131,49,0.99,7.79,-61.96,31.94
27/01/2020,50,Neutral,2923,809,82,26,1.34,8.93,-53.19,37.63
26/01/2020,42,Fear,2114,680,56,14,1.44,7.91,-46.64,31.91
25/01/2020,41,Fear,1434,493,42,16,1.06,6.21,-49.37,28.89
24/01/2020,40,Fear,941,-156,26,-8,0.79,5.36,-53.82,24.7
23/01/2020,49,Neutral,1097,540,34,17,0.71,4.27,-46.36,21.91
22/01/2020,52,Neutral,0,0,0,0,0.59,3.27,-50.65,19.85
21/01/2020,49,Neutral,0,0,0,0,0.39,1.26,-25.7,12.96
20/01/2020,48,Neutral,0,0,0,0,0.2,0.86,-27.69,13.62
19/01/2020,53,Neutral,0,0,0,0,0.16,0.77,-29.21,11.44
18/01/2020,51,Neutral,0,0,0,0,0.11,0.49,-25.87,9.31
17/01/2020,54,Neutral,0,0,0,0,0.03,0.25,-16.48,5.99
16/01/2020,55,Greed,0,0,0,0,0.02,0.16,-14.32,4.68
15/01/2020,54,Neutral,0,0,0,0,0.01,0.12,-8.56,3.3
14/01/2020,56,Greed,0,0,0,0,0.03,0.16,-8.05,4.27
13/01/2020,49,Neutral,0,0,0,0,0.04,0.15,-7.93,3.1
12/01/2020,45,Fear,0,0,0,0,0.08,0.39,-7.92,8.19
11/01/2020,50,Neutral,0,0,0,0,0.01,0.05,-2.82,1.88
10/01/2020,41,Fear,0,0,0,0,0.01,0.21,-5.33,6.1
09/01/2020,44,Fear,0,0,0,0,0,0.02,-2.49,0.95
08/01/2020,51,Neutral,0,0,0,0,0.01,0.02,-2.4,0.66
07/01/2020,40,Fear,0,0,0,0,0,0.05,-1.92,1.59
06/01/2020,41,Fear,0,0,0,0,0,0.04,0.26,1.19
05/01/2020,39,Fear,0,0,0,0,0,0.02,0.35,0.67
04/01/2020,38,Fear,0,0,0,0,0,0.03,0.41,1.07
03/01/2020,38,Fear,0,0,0,0,0,0,0.26,0.2
02/01/2020,39,Fear,0,0,0,0,0.01,0.01,0.26,0.3
01/01/2020,37,Fear,0,0,0,0,0,0,0.35,0.09