,date,area,totalcases,MHI,MCI,btc_price,eth_price
0,12/12/2021,Worldwide,269195299,13.5,57.4,49225.00,4041.61
1,11/12/2021,Worldwide,269195299,15.5,59.39,49314.50,4075.66
2,10/12/2021,Worldwide,269195299,16.26,60.51,47137.20,3903.48
3,09/12/2021,Worldwide,268558266,16.57,61.48,47596.60,4107.69
4,08/12/2021,Worldwide,267834341,15.52,59.42,50473.90,4435.74
5,07/12/2021,Worldwide,267163176,17.14,60.51,50595.20,4307.08
6,06/12/2021,Worldwide,266468058,15.19,60.18,50562.10,4353.31
7,05/12/2021,Worldwide,265864109,15.55,61.39,49405.50,4194.80
8,04/12/2021,Worldwide,265440690,18.35,61.18,49195.20,4123.46
9,03/12/2021,Worldwide,264932878,18.25,62.31,53631.50,4219.30
10,02/12/2021,Worldwide,264220632,18.12,62.83,56496.00,4512.90
11,01/12/2021,Worldwide,263519289,18.73,63.59,57210.30,4583.28
12,30/11/2021,Worldwide,262812527,20.23,61.6,56882.90,4628.90
13,29/11/2021,Worldwide,262182633,17.62,62.47,57794.80,4443.22
14,28/11/2021,Worldwide,261516772,18.67,62.92,57291.50,4296.98
15,27/11/2021,Worldwide,261110870,19.39,59.42,54765.90,4094.80
16,26/11/2021,Worldwide,260660212,15.17,55.86,53730.90,4034.53
17,25/11/2021,Worldwide,260068306,14.91,59.87,58935.10,4520.30
18,24/11/2021,Worldwide,259472167,13.49,60.39,57171.70,4273.54
19,23/11/2021,Worldwide,258799077,15.03,58.15,57573.20,4340.23
20,22/11/2021,Worldwide,258189863,13.98,58.31,56308.80,4086.95
21,21/11/2021,Worldwide,257565129,13.48,58.77,58714.30,4268.08
22,20/11/2021,Worldwide,257168801,15.62,59.04,59717.60,4408.85
23,19/11/2021,Worldwide,256690934,14.61,59.79,58083.40,4295.43
24,18/11/2021,Worldwide,256078015,14.35,60.49,56955.30,4001.87
25,17/11/2021,Worldwide,255463150,14.6,60.35,60367.80,4290.88
26,16/11/2021,Worldwide,254837959,16.07,57.64,60089.10,4208.16
27,15/11/2021,Worldwide,254315156,13.99,57.56,63597.90,4562.98
28,14/11/2021,Worldwide,253770095,11.07,57.01,65508.20,4625.59
29,13/11/2021,Worldwide,253418652,14.58,59.55,64398.60,4644.61
30,12/11/2021,Worldwide,252989981,14.11,59.66,64134.50,4667.31
31,11/11/2021,Worldwide,252395722,15.18,61.22,64806.70,4720.87
32,10/11/2021,Worldwide,251879600,15.7,60.97,64932.60,4634.03
33,09/11/2021,Worldwide,251305175,15.77,60.03,66904.40,4731.83
34,08/11/2021,Worldwide,250821737,13.87,60.56,67527.90,4808.38
35,07/11/2021,Worldwide,250343250,12.36,61.18,63273.20,4612.06
36,06/11/2021,Worldwide,249996073,16.81,62.09,61483.90,4517.36
37,05/11/2021,Worldwide,249581640,17.47,62.33,60974.30,4475.00
38,04/11/2021,Worldwide,249066598,17.49,61.74,61412.60,4535.11
39,03/11/2021,Worldwide,248538823,14.5,60.1,62918.50,4602.21
40,02/11/2021,Worldwide,248017603,16.27,60.84,63221.70,4586.06
41,01/11/2021,Worldwide,247587799,16.45,59.1,60915.30,4320.85
42,31/10/2021,Worldwide,247164753,15.64,60.69,61309.60,4287.56
43,30/10/2021,Worldwide,246843901,18.85,60.85,61840.10,4320.65
44,29/10/2021,Worldwide,246461921,15.74,61.13,62242.80,4413.70
45,28/10/2021,Worldwide,245957103,16.06,59.63,60582.50,4284.90
46,27/10/2021,Worldwide,245498327,15.99,62.03,58438.10,3921.93
47,26/10/2021,Worldwide,244985846,15.26,59.76,60310.80,4129.51
48,25/10/2021,Worldwide,244542769,13.32,60.07,63067.00,4219.92
49,24/10/2021,Worldwide,244111765,14.23,59.54,60866.50,4082.80
50,23/10/2021,Worldwide,243795689,16.56,61.98,61312.50,4168.85
51,22/10/2021,Worldwide,243435393,15.79,62.14,60690.30,3970.94
52,21/10/2021,Worldwide,242950039,16.56,61.39,62210.20,4054.16
53,20/10/2021,Worldwide,242493057,16.52,61.81,65979.10,4159.89
54,19/10/2021,Worldwide,242021852,16.02,62.08,64278.50,3876.78
55,18/10/2021,Worldwide,241579420,13.54,57.59,62056.30,3747.60
56,17/10/2021,Worldwide,241164653,14.5,59.78,61527.50,3845.47
57,16/10/2021,Worldwide,240851366,16.33,61.32,60861.10,3827.55
58,15/10/2021,Worldwide,240514095,17.06,61.98,61672.50,3866.90
59,14/10/2021,Worldwide,240057301,18.06,62.83,57345.80,3790.41
60,13/10/2021,Worldwide,239612736,15.85,61.89,57380.10,3607.28
61,12/10/2021,Worldwide,239149400,16.04,60.17,56015.90,3489.90
62,11/10/2021,Worldwide,238715812,13.34,58.35,57477.30,3545.06
63,10/10/2021,Worldwide,238333805,13.99,57.65,54687.70,3415.03
64,09/10/2021,Worldwide,238018875,16.7,61.48,54942.50,3574.20
65,08/10/2021,Worldwide,237686620,16.84,63.35,53914.70,3559.42
66,07/10/2021,Worldwide,237212443,17.02,62.28,53783.90,3586.00
67,06/10/2021,Worldwide,236779602,16.08,59.69,55323.20,3575.41
68,05/10/2021,Worldwide,236266644,15.77,61.32,51469.30,3517.26
69,04/10/2021,Worldwide,235846176,14.29,58.91,49227.30,3382.90
70,03/10/2021,Worldwide,235401647,16.88,63.34,48200.10,3417.34
71,02/10/2021,Worldwide,235095253,18.76,63.2,47666.90,3388.97
72,01/10/2021,Worldwide,234748599,17.36,61.62,48146.00,3309.13
73,30/09/2021,Worldwide,234209471,18.6,63.22,43823.30,3000.59
74,29/09/2021,Worldwide,233724705,18.53,63.18,41536.80,2851.50
75,28/09/2021,Worldwide,233221906,18.83,61.68,41022.30,2807.28
76,27/09/2021,Worldwide,232772166,13.13,59.72,42172.60,2926.24
77,26/09/2021,Worldwide,232299522,15.12,62.82,43203.40,3063.51
78,25/09/2021,Worldwide,231951194,18.97,63.13,42686.80,2922.55
79,24/09/2021,Worldwide,231584038,17.96,64.15,42819.90,2928.57
80,23/09/2021,Worldwide,231036726,18.56,64.87,44869.20,3152.92
81,22/09/2021,Worldwide,230525007,19.32,63.84,43551.60,3077.78
82,21/09/2021,Worldwide,229986836,18.46,63.19,40651.30,2761.52
83,20/09/2021,Worldwide,229517405,14.84,60.44,42870.60,2976.05
84,19/09/2021,Worldwide,228983331,17.28,62.04,47238.70,3329.12
85,18/09/2021,Worldwide,228622489,19.81,64.69,48306.70,3435.97
86,17/09/2021,Worldwide,228085441,20.21,63.96,47282.80,3398.65
87,16/09/2021,Worldwide,227492141,19.93,64.53,47748.00,3569.43
88,15/09/2021,Worldwide,226915585,20.48,64.66,48130.60,3611.90
89,14/09/2021,Worldwide,226347624,18.6,62.84,47077.50,3428.87
90,13/09/2021,Worldwide,225796002,16.66,59.87,44949.50,3284.52
91,12/09/2021,Worldwide,225194710,16.96,62.26,46062.30,3408.28
92,11/09/2021,Worldwide,224826464,21.41,64.72,45161.90,3267.33
93,10/09/2021,Worldwide,224369896,20.88,63.76,44842.80,3207.27
94,09/09/2021,Worldwide,223736159,19.85,64.2,46385.60,3423.51
95,08/09/2021,Worldwide,223098534,19.64,62.96,46061.40,3495.10
96,07/09/2021,Worldwide,222466832,18.76,61.93,46779.60,3423.12
97,06/09/2021,Worldwide,221741039,19.66,64.88,52672.10,3927.21
98,05/09/2021,Worldwide,221300532,19.19,65.3,51768.60,3950.62
99,04/09/2021,Worldwide,220860465,21.78,63.8,49918.40,3884.97
100,03/09/2021,Worldwide,220375748,19.09,65.38,49999.00,3936.29
101,02/09/2021,Worldwide,219657887,20.77,66.74,49274.30,3786.19
102,01/09/2021,Worldwide,218980871,19.94,65.88,48819.40,3832.73
103,31/08/2021,Worldwide,218253526,20.62,65.24,47130.40,3430.74
104,30/08/2021,Worldwide,217634085,18.67,63.67,46992.70,3225.67
105,29/08/2021,Worldwide,216947553,20.94,64.62,48777.40,3222.16
106,28/08/2021,Worldwide,216500980,21.82,65.44,48897.10,3243.90
107,27/08/2021,Worldwide,215953596,21.62,66.5,49064.30,3273.58
108,26/08/2021,Worldwide,215208086,22.59,67.17,46831.60,3093.54
109,25/08/2021,Worldwide,214472394,22.85,66.34,48994.50,3228.15
110,24/08/2021,Worldwide,213742060,23.68,67.2,47714.70,3173.26
111,23/08/2021,Worldwide,213054951,19.85,66.2,49539.70,3319.49
112,22/08/2021,Worldwide,212350485,19.52,65.11,49254.50,3238.70
113,21/08/2021,Worldwide,211903934,23.98,66.56,48875.80,3223.96
114,20/08/2021,Worldwide,211363802,20.93,65.97,49324.00,3284.21
115,19/08/2021,Worldwide,210573794,22.38,67.4,46755.90,3184.82
116,18/08/2021,Worldwide,209858126,23.5,66.13,44723.80,3016.91
117,17/08/2021,Worldwide,209129882,20.73,64.12,44691.60,3014.58
118,16/08/2021,Worldwide,208446748,20.26,63.51,45996.30,3147.65
119,15/08/2021,Worldwide,207768138,20.03,66.06,46991.30,3308.87
120,14/08/2021,Worldwide,207304126,23.71,66.4,47081.50,3264.69
121,13/08/2021,Worldwide,206770184,23.15,67.73,47809.10,3322.43
122,12/08/2021,Worldwide,205964473,23.62,65.5,44403.40,3043.61
123,11/08/2021,Worldwide,205253714,24.05,65.96,45564.30,3163.66
124,10/08/2021,Worldwide,204525187,23.32,65.96,45593.80,3140.71
125,09/08/2021,Worldwide,203876512,25.93,65.93,46284.30,3162.93
126,08/08/2021,Worldwide,203222679,24.56,65.44,43792.80,3012.07
127,07/08/2021,Worldwide,202781094,23.25,66.1,44614.20,3158.00
128,06/08/2021,Worldwide,202230166,23.78,67.25,42795.40,2889.43
129,05/08/2021,Worldwide,201408350,23.66,67.61,40867.20,2827.21
130,04/08/2021,Worldwide,200719425,23.11,67.37,39736.90,2725.29
131,03/08/2021,Worldwide,200044022,23.7,65.05,38130.30,2506.65
132,02/08/2021,Worldwide,199406609,24.96,63.64,39168.40,2608.04
133,01/08/2021,Worldwide,198828535,23.61,65.77,39878.30,2556.23
134,31/07/2021,Worldwide,198347236,23.71,65.98,41553.70,2532.19
135,30/07/2021,Worldwide,197837068,23.24,66.6,42203.40,2460.95
136,29/07/2021,Worldwide,197106768,23.88,66.6,40001.40,2380.93
137,28/07/2021,Worldwide,196453896,21.81,65.74,40003.20,2299.11
138,27/07/2021,Worldwide,195809585,23.58,64.56,39452.00,2300.22
139,26/07/2021,Worldwide,195199364,25.35,64.0,37276.60,2229.53
140,25/07/2021,Worldwide,194658993,25.38,64.47,35391.10,2189.79
141,24/07/2021,Worldwide,194213700,25.12,65.36,33824.80,2151.85
142,23/07/2021,Worldwide,193798455,23.87,64.63,33603.30,2123.61
143,22/07/2021,Worldwide,193051639,23.05,65.5,32298.90,2024.58
144,21/07/2021,Worldwide,192487240,21.91,66.49,32131.40,1994.49
145,20/07/2021,Worldwide,191928424,23.7,64.94,29793.80,1786.07
146,19/07/2021,Worldwide,191398496,23.77,61.89,30837.20,1818.07
147,18/07/2021,Worldwide,190901967,22.7,62.84,31785.40,1892.42
148,17/07/2021,Worldwide,190470948,22.36,64.92,31518.60,1897.98
149,16/07/2021,Worldwide,189996958,21.2,64.52,31394.00,1878.20
150,15/07/2021,Worldwide,189398671,21.15,64.78,31840.50,1917.21
151,14/07/2021,Worldwide,188826523,21.49,64.74,32820.70,1994.64
152,13/07/2021,Worldwide,188285054,22.23,63.21,32728.10,1940.72
153,12/07/2021,Worldwide,187765083,20.16,61.12,33113.00,2035.09
154,11/07/2021,Worldwide,187328391,19.18,61.41,34227.70,2139.35
155,10/07/2021,Worldwide,186957864,20.31,63.95,33510.60,2111.12
156,09/07/2021,Worldwide,186530807,20.55,64.81,33797.40,2145.89
157,08/07/2021,Worldwide,186023285,18.88,63.87,32866.30,2120.22
158,07/07/2021,Worldwide,185542911,18.36,62.27,33867.80,2316.57
159,06/07/2021,Worldwide,185079456,21.65,60.8,34225.60,2322.72
160,05/07/2021,Worldwide,184626035,21.26,60.36,33687.80,2196.16
161,04/07/2021,Worldwide,184256466,18.75,60.21,35298.20,2323.22
162,03/07/2021,Worldwide,183927947,20.01,62.9,34742.80,2224.70
163,02/07/2021,Worldwide,183551246,20.68,63.89,33813.40,2154.78
164,01/07/2021,Worldwide,183109974,19.7,64.3,33543.60,2109.11
165,30/06/2021,Worldwide,182668971,20.36,63.93,35026.90,2273.84
166,29/06/2021,Worldwide,182271970,20.85,63.03,35834.70,2158.71
167,28/06/2021,Worldwide,181892327,20.21,59.79,34475.90,2083.09
168,27/06/2021,Worldwide,181563983,21.16,64.42,34678.50,1979.88
169,26/06/2021,Worldwide,181252494,20.58,62.88,32243.40,1830.62
170,25/06/2021,Worldwide,180886457,19.33,64.37,31594.00,1810.57
171,24/06/2021,Worldwide,180464511,19.71,65.28,34665.80,1989.14
172,23/06/2021,Worldwide,180059568,20.3,64.79,33674.30,1968.39
173,22/06/2021,Worldwide,179621766,20.73,64.72,32496.40,1876.66
174,21/06/2021,Worldwide,179249957,17.81,60.33,31692.00,1891.18
175,20/06/2021,Worldwide,178956275,21.22,63.33,35595.80,2243.86
176,19/06/2021,Worldwide,178653879,22.41,63.72,35513.40,2166.91
177,18/06/2021,Worldwide,178304378,20.58,65.21,35749.40,2229.53
178,17/06/2021,Worldwide,177897490,20.6,65.49,38052.00,2371.62
179,16/06/2021,Worldwide,177504924,21.74,65.83,38336.00,2367.28
180,15/06/2021,Worldwide,177106210,21.05,65.6,40156.10,2543.83
181,14/06/2021,Worldwide,176734876,25.27,62.77,40529.40,2581.48
182,13/06/2021,Worldwide,176427496,22.8,62.35,39022.90,2508.27
183,12/06/2021,Worldwide,176123820,23.39,64.43,35467.50,2368.47
184,11/06/2021,Worldwide,175750964,22.55,65.88,37314.60,2351.45
185,10/06/2021,Worldwide,175329967,22.26,65.57,36649.40,2469.97
186,09/06/2021,Worldwide,174880233,20.29,63.69,37332.20,2606.23
187,08/06/2021,Worldwide,174460292,20.84,64.88,33382.90,2510.65
188,07/06/2021,Worldwide,174093088,20.61,61.75,33578.00,2592.63
189,06/06/2021,Worldwide,173772497,20.57,64.72,35815.40,2713.66
190,05/06/2021,Worldwide,173449200,23.26,65.38,35520.00,2628.98
191,04/06/2021,Worldwide,173049928,22.11,66.05,36851.30,2686.50
192,03/06/2021,Worldwide,172630192,21.69,66.62,39187.30,2853.35
193,02/06/2021,Worldwide,172140735,22.74,66.25,37555.80,2706.10
194,01/06/2021,Worldwide,171654503,23.91,64.27,36687.60,2633.67
195,31/05/2021,Worldwide,171191493,23.38,63.98,37298.60,2708.47
196,30/05/2021,Worldwide,170812657,23.44,66.84,35652.80,2386.10
197,29/05/2021,Worldwide,170420805,22.33,65.5,34584.60,2276.07
198,28/05/2021,Worldwide,169938480,22.92,66.72,35662.50,2414.29
199,27/05/2021,Worldwide,169437880,22.36,67.6,38417.30,2735.88
200,26/05/2021,Worldwide,168883526,22.79,66.75,39249.20,2884.66
201,25/05/2021,Worldwide,168313846,23.05,65.46,38378.30,2705.09
202,24/05/2021,Worldwide,167781016,22.36,66.11,38750.60,2646.79
203,23/05/2021,Worldwide,167328526,22.88,64.99,34679.70,2101.34
204,22/05/2021,Worldwide,166851249,25.96,66.78,37448.30,2291.60
205,21/05/2021,Worldwide,166271845,23.36,67.77,37297.40,2433.11
206,20/05/2021,Worldwide,165645214,22.54,66.38,40717.20,2777.55
207,19/05/2021,Worldwide,165365385,22.96,67.49,36720.50,2435.69
208,18/05/2021,Worldwide,164692963,24.58,68.04,42897.30,3377.55
209,17/05/2021,Worldwide,164069942,23.49,65.26,43541.30,3279.68
210,16/05/2021,Worldwide,163531058,22.69,67.03,46426.40,3582.12
211,15/05/2021,Worldwide,162981501,24.81,68.21,46708.80,3641.65
212,14/05/2021,Worldwide,162352181,24.47,69.08,49839.80,4075.38
213,13/05/2021,Worldwide,161634132,23.97,68.73,49704.60,3719.62
214,12/05/2021,Worldwide,160908263,24.38,69.23,49384.20,3811.77
215,11/05/2021,Worldwide,160147629,24.34,68.08,56695.70,4167.78
216,10/05/2021,Worldwide,159408210,23.79,66.21,55848.90,3947.90
217,09/05/2021,Worldwide,158789140,22.9,67.39,58238.30,3922.23
218,08/05/2021,Worldwide,158146607,25.69,68.61,58840.10,3905.55
219,07/05/2021,Worldwide,157359377,23.84,68.7,57337.20,3481.22
220,06/05/2021,Worldwide,156525899,23.95,68.23,56405.40,3489.52
221,05/05/2021,Worldwide,155655432,24.51,68.9,57441.30,3522.76
222,04/05/2021,Worldwide,154812586,24.93,69.05,53741.50,3286.71
223,03/05/2021,Worldwide,154004359,22.11,65.91,57169.80,3429.37
224,02/05/2021,Worldwide,153324853,25.58,67.56,56603.80,2950.33
225,01/05/2021,Worldwide,152649234,24.93,69.59,57807.10,2944.66
226,30/04/2021,Worldwide,151850501,23.54,70.4,57720.30,2772.78
227,29/04/2021,Worldwide,150969991,23.08,69.22,53560.80,2757.36
228,28/04/2021,Worldwide,150072929,25.97,70.62,54841.40,2746.54
229,27/04/2021,Worldwide,149164640,24.76,67.86,55036.50,2665.24
230,26/04/2021,Worldwide,148319278,27.5,68.28,54020.50,2533.12
231,25/04/2021,Worldwide,147637593,23.98,68.54,48963.60,2316.48
232,24/04/2021,Worldwide,146912466,25.37,68.48,50088.90,2215.93
233,23/04/2021,Worldwide,146089937,22.53,68.59,51143.60,2367.31
234,22/04/2021,Worldwide,145185683,22.94,69.04,51729.50,2401.10
235,21/04/2021,Worldwide,144285955,22.67,69.07,53820.20,2360.81
236,20/04/2021,Worldwide,143394369,23.63,68.41,56483.20,2332.14
237,19/04/2021,Worldwide,142540114,25.52,68.63,55646.10,2160.63
238,18/04/2021,Worldwide,141847053,25.31,68.26,56207.10,2237.17
239,17/04/2021,Worldwide,141160041,23.32,68.21,60041.90,2318.33
240,16/04/2021,Worldwide,140372030,23.82,69.79,61379.70,2423.18
241,15/04/2021,Worldwide,139513853,24.62,69.91,63216.00,2514.22
242,14/04/2021,Worldwide,138696739,26.62,70.27,62980.40,2431.56
243,13/04/2021,Worldwide,137880264,24.56,68.51,63540.90,2299.93
244,12/04/2021,Worldwide,137098733,25.05,69.78,59863.80,2137.81
245,11/04/2021,Worldwide,136484869,24.16,69.18,59978.70,2151.42
246,10/04/2021,Worldwide,135792536,25.6,69.62,59748.40,2133.79
247,09/04/2021,Worldwide,135124214,25.57,69.99,58118.70,2066.93
248,08/04/2021,Worldwide,134373454,26.49,70.95,58077.40,2079.92
249,07/04/2021,Worldwide,133532407,27.85,70.24,55948.70,1961.46
250,06/04/2021,Worldwide,132846294,26.77,68.11,57996.30,2111.53
251,05/04/2021,Worldwide,132240816,27.15,69.72,58993.40,2106.41
252,04/04/2021,Worldwide,131755058,27.39,69.29,58199.90,2075.94
253,03/04/2021,Worldwide,131198963,29.06,69.61,57059.90,2008.59
254,02/04/2021,Worldwide,130667289,26.72,70.06,58977.30,2134.55
255,01/04/2021,Worldwide,130030746,26.09,71.35,58718.30,1967.96
256,31/03/2021,Worldwide,129317088,26.27,70.94,58763.70,1917.99
257,30/03/2021,Worldwide,128632389,28.28,70.43,58771.30,1841.01
258,29/03/2021,Worldwide,128062401,24.67,68.6,57616.20,1816.69
259,28/03/2021,Worldwide,127604777,26.37,67.65,55765.20,1686.80
260,27/03/2021,Worldwide,127129346,25.48,69.44,55862.90,1713.01
261,26/03/2021,Worldwide,126543523,27.28,70.46,55036.10,1698.60
262,25/03/2021,Worldwide,125900596,25.76,70.83,51322.30,1586.54
263,24/03/2021,Worldwide,125247205,25.53,71.05,52325.40,1582.38
264,23/03/2021,Worldwide,124611738,25.82,69.95,54452.50,1667.90
265,22/03/2021,Worldwide,124095873,26.43,70.03,54158.30,1682.37
266,21/03/2021,Worldwide,123679559,26.44,68.49,57383.80,1783.72
267,20/03/2021,Worldwide,123242645,26.78,70.79,58093.40,1804.60
268,19/03/2021,Worldwide,122741137,27.71,71.73,58088.00,1809.64
269,18/03/2021,Worldwide,122176769,27.07,71.44,57656.00,1776.08
270,17/03/2021,Worldwide,121632866,27.06,70.47,58913.50,1823.35
271,16/03/2021,Worldwide,121081264,28.26,70.64,56889.70,1804.85
272,15/03/2021,Worldwide,120613703,30.5,71.18,55791.30,1792.38
273,14/03/2021,Worldwide,120264725,27.58,70.26,59113.70,1849.06
274,13/03/2021,Worldwide,119900306,28.45,71.62,61195.30,1921.13
275,12/03/2021,Worldwide,119443264,28.59,72.3,57265.10,1766.90
276,11/03/2021,Worldwide,118951474,26.65,72.64,57799.50,1825.79
277,10/03/2021,Worldwide,118472291,25.22,71.25,55851.90,1794.14
278,09/03/2021,Worldwide,118002885,27.61,71.11,54879.00,1869.10
279,08/03/2021,Worldwide,117587404,27.97,72.4,52311.00,1831.49
280,07/03/2021,Worldwide,117287117,27.23,70.83,50982.30,1728.10
281,06/03/2021,Worldwide,116914480,29.1,71.78,48855.60,1649.19
282,05/03/2021,Worldwide,116499312,25.49,72.39,48792.50,1530.29
283,04/03/2021,Worldwide,116049431,27.59,72.92,48428.00,1538.61
284,03/03/2021,Worldwide,115593104,26.8,72.3,50395.10,1571.05
285,02/03/2021,Worldwide,115149465,28.34,71.75,48424.20,1488.62
286,01/03/2021,Worldwide,114836002,27.28,72.63,49595.50,1570.03
287,28/02/2021,Worldwide,114531207,25.65,70.83,45164.00,1418.76
288,27/02/2021,Worldwide,114222207,25.8,72.22,46136.70,1458.93
289,26/02/2021,Worldwide,113828161,25.28,72.57,46345.60,1445.44
290,25/02/2021,Worldwide,113381186,25.76,72.87,46928.50,1476.15
291,24/02/2021,Worldwide,112930144,25.51,71.99,49697.50,1623.71
292,23/02/2021,Worldwide,112481991,28.42,71.71,48911.20,1578.11
293,22/02/2021,Worldwide,112089933,25.56,70.65,54111.80,1777.28
294,21/02/2021,Worldwide,111800177,23.92,67.69,57433.80,1933.45
295,20/02/2021,Worldwide,111479450,26.73,71.8,55923.70,1913.88
296,19/02/2021,Worldwide,111103621,27.23,71.72,55906.60,1955.59
297,18/02/2021,Worldwide,110689406,29.27,71.53,51582.20,1934.16
298,17/02/2021,Worldwide,110281507,27.48,71.96,52079.20,1847.95
299,16/02/2021,Worldwide,109883616,27.84,69.97,49169.70,1781.69
300,15/02/2021,Worldwide,109533287,28.04,71.15,47936.30,1778.82
301,14/02/2021,Worldwide,109246876,24.75,70.32,48643.40,1801.78
302,13/02/2021,Worldwide,108946817,27.1,71.97,47168.70,1815.49
303,12/02/2021,Worldwide,108568601,26.71,72.19,47371.70,1841.02
304,11/02/2021,Worldwide,108137052,25.64,73.04,47990.70,1786.35
305,10/02/2021,Worldwide,107692119,27.71,72.91,44836.00,1742.09
306,09/02/2021,Worldwide,107252775,29.22,72.32,46508.60,1770.63
307,08/02/2021,Worldwide,106821955,27.42,71.62,46395.70,1750.18
308,07/02/2021,Worldwide,106508190,26.14,72.52,38852.90,1612.99
309,06/02/2021,Worldwide,106102398,29.24,71.55,39256.60,1676.63
310,05/02/2021,Worldwide,105720625,27.41,73.49,38297.60,1719.20
311,04/02/2021,Worldwide,105184869,27.92,73.53,36982.10,1594.00
312,03/02/2021,Worldwide,104715448,31.09,71.91,37646.80,1664.34
313,02/02/2021,Worldwide,104188233,31.26,73.35,35485.20,1511.36
314,01/02/2021,Worldwide,103728118,33.38,74.37,33515.70,1373.40
315,31/01/2021,Worldwide,103284194,29.94,73.39,33108.10,1312.73
316,30/01/2021,Worldwide,102894523,31.65,73.69,34283.10,1376.96
317,29/01/2021,Worldwide,102373184,31.1,74.27,34301.80,1379.30
318,28/01/2021,Worldwide,101781360,32.38,74.15,33374.80,1328.47
319,27/01/2021,Worldwide,101166858,31.89,73.95,30404.00,1247.62
320,26/01/2021,Worldwide,100564626,33.3,73.89,32502.10,1366.27
321,25/01/2021,Worldwide,100008224,31.42,72.39,32252.30,1317.90
322,24/01/2021,Worldwide,99517010,30.65,72.95,32241.30,1390.28
323,23/01/2021,Worldwide,99058268,33.43,73.33,32088.90,1233.40
324,22/01/2021,Worldwide,98483195,31.14,72.69,33000.50,1234.58
325,21/01/2021,Worldwide,97822521,32.11,73.53,30842.10,1117.33
326,20/01/2021,Worldwide,97165030,32.05,72.98,35476.30,1377.53
327,19/01/2021,Worldwide,96467296,32.89,71.45,36002.90,1372.00
328,18/01/2021,Worldwide,95867631,31.73,73.2,36613.20,1258.06
329,17/01/2021,Worldwide,95353589,32.22,71.76,35839.60,1232.64
330,16/01/2021,Worldwide,94824569,31.97,74.06,36019.50,1228.27
331,15/01/2021,Worldwide,94176606,31.66,74.84,36845.80,1171.68
332,14/01/2021,Worldwide,93403109,31.26,74.28,39175.70,1226.17
333,13/01/2021,Worldwide,92642992,33.66,72.8,37382.20,1128.46
334,12/01/2021,Worldwide,91891817,30.86,73.19,34076.10,1050.19
335,11/01/2021,Worldwide,91190749,30.05,72.88,35544.30,1091.47
336,10/01/2021,Worldwide,90574163,30.3,71.47,38192.20,1256.04
337,09/01/2021,Worldwide,89983496,31.67,73.93,40151.90,1275.58
338,08/01/2021,Worldwide,89220644,25.5,72.66,40599.30,1215.73
339,07/01/2021,Worldwide,88403658,30.66,73.42,39460.20,1224.35
340,06/01/2021,Worldwide,87510918,35.46,74.98,36793.20,1207.77
341,05/01/2021,Worldwide,86719564,34.73,73.67,33991.50,1099.52
342,04/01/2021,Worldwide,85975750,36.22,74.75,32022.60,1042.40
343,03/01/2021,Worldwide,85425434,37.59,75.89,32958.90,974.97
344,02/01/2021,Worldwide,84902469,40.66,74.79,32193.30,774.5
345,01/01/2021,Worldwide,84296827,39.23,77.04,29359.90,729.12
346,31/12/2020,Worldwide,83730210,40.37,76.21,28949.40,735.94
347,30/12/2020,Worldwide,82952724,38.21,75.58,28868.70,751.8
348,29/12/2020,Worldwide,82212023,36.8,74.56,27376.00,731.76
349,28/12/2020,Worldwide,81539606,36.3,76.15,27057.80,730.05
350,27/12/2020,Worldwide,81051460,38.45,74.75,26261.30,683.71
351,26/12/2020,Worldwide,80618327,38.73,72.86,26454.40,636.58
352,25/12/2020,Worldwide,80110628,39.08,75.23,24689.60,626.93
353,24/12/2020,Worldwide,79630229,37.29,74.67,23736.50,612.34
354,23/12/2020,Worldwide,78948059,38.46,75.74,23257.90,585.69
355,22/12/2020,Worldwide,78251784,37.95,74.73,23823.20,637.47
356,21/12/2020,Worldwide,77590139,41.97,74.62,22728.50,607.85
357,20/12/2020,Worldwide,77049825,40.85,74.36,23474.90,638.26
358,19/12/2020,Worldwide,76517673,36.15,74.24,23844.00,658.17
359,18/12/2020,Worldwide,75892667,33.89,73.9,23127.90,653.85
360,17/12/2020,Worldwide,75171064,35.2,75.04,22825.40,643.17
361,16/12/2020,Worldwide,74429544,34.83,74.48,21352.20,637.38
362,15/12/2020,Worldwide,73697582,35.9,73.97,19434.90,588.91
363,14/12/2020,Worldwide,73045069,34.8,74.65,19273.80,586.19
364,13/12/2020,Worldwide,72513308,36.25,73.64,19176.80,591.09
365,12/12/2020,Worldwide,71983159,34.22,74.88,18808.90,567.78
366,11/12/2020,Worldwide,71341370,33.67,73.75,18023.60,544.17
367,10/12/2020,Worldwide,70632791,34.83,75.04,18247.20,558.13
368,09/12/2020,Worldwide,69129220,35.57,74.78,18546.00,573.21
369,08/12/2020,Worldwide,68457219,36.46,74.83,18326.60,555.05
370,07/12/2020,Worldwide,67804914,36.31,74.91,19170.70,591.09
371,06/12/2020,Worldwide,67289490,33.88,74.23,19379.90,601.68
372,05/12/2020,Worldwide,66752166,36.28,74.03,19146.50,596.68
373,04/12/2020,Worldwide,66102989,35.03,75.75,18658.10,567.91
374,03/12/2020,Worldwide,65415174,36.41,74.79,19433.30,616.32
375,02/12/2020,Worldwide,64718388,36.68,74.96,19218.80,598.05
376,01/12/2020,Worldwide,64063407,35.22,74.35,18770.70,585.66
377,30/11/2020,Worldwide,63443449,32.56,73.52,19698.10,615.92
378,29/11/2020,Worldwide,62939586,34.91,72.5,18185.50,575.45
379,28/11/2020,Worldwide,62449967,36.3,72.19,17730.70,537.74
380,27/11/2020,Worldwide,61859915,35.31,73.51,17127.10,518.11
381,26/11/2020,Worldwide,61177093,37.62,74.82,17162.00,519.32
382,25/11/2020,Worldwide,60587876,35.98,75.11,18723.00,569.67
383,24/11/2020,Worldwide,59948857,36.79,73.1,19152.60,605.03
384,23/11/2020,Worldwide,59355714,39.29,74.64,18379.60,609.22
385,22/11/2020,Worldwide,58833170,37.34,72.8,18412.90,559.4
386,21/11/2020,Worldwide,58344978,38.23,74.69,18687.20,551.91
387,20/11/2020,Worldwide,57754019,38.04,75.83,18675.20,509.98
388,19/11/2020,Worldwide,57081273,36.95,74.32,17803.50,471.21
389,18/11/2020,Worldwide,56426809,35.13,74.62,17774.60,478.52
390,17/11/2020,Worldwide,55799364,36.95,74.0,17662.30,481.95
391,16/11/2020,Worldwide,55186868,36.83,74.82,16715.80,460.43
392,15/11/2020,Worldwide,54657076,37.06,74.79,15953.00,448.23
393,14/11/2020,Worldwide,54181569,35.62,75.22,16071.00,460.7
394,13/11/2020,Worldwide,53582010,34.5,75.47,16324.20,476.29
395,12/11/2020,Worldwide,52928929,34.55,74.63,16294.70,462.56
396,11/11/2020,Worldwide,52282483,33.12,74.94,15695.80,463.33
397,10/11/2020,Worldwide,51630802,36.15,73.12,15303.60,450.22
398,09/11/2020,Worldwide,51065642,32.64,74.18,15327.20,444.33
399,08/11/2020,Worldwide,50600187,30.32,72.79,15483.70,454.68
400,07/11/2020,Worldwide,50115441,29.91,74.42,14828.40,435.4
401,06/11/2020,Worldwide,49513138,31.23,73.37,15577.90,455.72
402,05/11/2020,Worldwide,48867902,32.45,72.56,15587.10,416.63
403,04/11/2020,Worldwide,48270474,33.76,74.32,14145.60,402.19
404,03/11/2020,Worldwide,47671928,33.01,73.99,14019.90,387.92
405,02/11/2020,Worldwide,47151513,34.82,74.41,13561.40,383.53
406,01/11/2020,Worldwide,46648530,35.07,74.51,13759.40,396.29
407,31/10/2020,Worldwide,46176674,32.53,75.34,13797.30,386.42
408,30/10/2020,Worldwide,45688644,33.18,75.78,13559.90,382.41
409,29/10/2020,Worldwide,45121106,33.87,75.19,13457.20,386.76
410,28/10/2020,Worldwide,44582373,32.57,74.82,13278.90,388.14
411,27/10/2020,Worldwide,44063525,33.0,73.1,13657.80,403.15
412,26/10/2020,Worldwide,43591699,36.27,74.17,13061.60,394.11
413,25/10/2020,Worldwide,43151819,34.05,73.85,13032.20,406.09
414,24/10/2020,Worldwide,42751558,34.52,74.42,13117.20,411.92
415,23/10/2020,Worldwide,42295389,33.67,75.13,12934.10,408.52
416,22/10/2020,Worldwide,41788150,34.25,74.42,12974.60,414.05
417,21/10/2020,Worldwide,41315592,33.51,74.76,12808.70,391.2
418,20/10/2020,Worldwide,40871440,34.55,73.16,11913.50,368.35
419,19/10/2020,Worldwide,40482259,33.98,73.41,11753.40,379.19
420,18/10/2020,Worldwide,40095807,34.27,72.59,11506.90,377.81
421,17/10/2020,Worldwide,39778821,35.58,74.08,11362.10,368.63
422,16/10/2020,Worldwide,39403962,36.02,74.81,11322.00,365.17
423,15/10/2020,Worldwide,38992046,34.18,74.79,11503.00,377.45
424,14/10/2020,Worldwide,38584432,34.54,74.21,11420.40,379.15
425,13/10/2020,Worldwide,38202753,32.82,72.71,11423.80,381.23
426,12/10/2020,Worldwide,37884339,33.05,72.37,11533.90,386.68
427,11/10/2020,Worldwide,37592416,34.23,71.91,11371.00,374.19
428,10/10/2020,Worldwide,37304304,34.75,75.2,11298.40,370.16
429,09/10/2020,Worldwide,36946320,36.06,74.29,11054.20,365.28
430,08/10/2020,Worldwide,36584800,34.21,74.88,10924.10,350.83
431,07/10/2020,Worldwide,36222998,35.3,74.19,10670.90,341.48
432,06/10/2020,Worldwide,35872843,36.47,75.25,10602.60,340.61
433,05/10/2020,Worldwide,35541978,40.18,75.2,10789.50,353.28
434,04/10/2020,Worldwide,35246839,41.73,75.09,10672.90,352.73
435,03/10/2020,Worldwide,34972246,41.12,75.78,10544.20,345.6
436,02/10/2020,Worldwide,34651864,32.07,74.66,10572.30,345.68
437,01/10/2020,Worldwide,34345823,31.27,73.89,10620.50,353.07
438,30/09/2020,Worldwide,34032675,32.2,73.76,10776.10,359.39
439,29/09/2020,Worldwide,33707177,30.14,71.41,10840.90,359.86
440,28/09/2020,Worldwide,33423619,30.12,71.18,10693.20,354.08
441,27/09/2020,Worldwide,33171595,29.95,71.96,10776.20,357.23
442,26/09/2020,Worldwide,32916432,31.36,73.11,10727.90,354.25
443,25/09/2020,Worldwide,32626799,31.2,74.08,10688.80,351.63
444,24/09/2020,Worldwide,32290756,31.08,72.52,10739.40,349.17
445,23/09/2020,Worldwide,31936698,32.89,74.66,10237.30,319.95
446,22/09/2020,Worldwide,31661969,30.44,72.33,10531.50,344.03
447,21/09/2020,Worldwide,31376732,28.34,70.1,10416.80,341.3
448,20/09/2020,Worldwide,31102125,26.75,70.27,10921.50,371.12
449,19/09/2020,Worldwide,30848411,31.78,74.03,11081.80,385.25
450,18/09/2020,Worldwide,30554910,31.01,74.54,10933.00,384.2
451,17/09/2020,Worldwide,30228680,31.66,75.02,10941.30,388.97
452,16/09/2020,Worldwide,29913636,31.09,74.2,10949.50,364.88
453,15/09/2020,Worldwide,29609731,31.23,73.06,10785.30,364.01
454,14/09/2020,Worldwide,29240592,31.98,72.89,10675.30,376.7
455,13/09/2020,Worldwide,29062136,31.85,70.87,10326.00,365.71
456,12/09/2020,Worldwide,28818799,31.49,73.27,10441.90,387.98
457,11/09/2020,Worldwide,28530929,31.95,74.15,10390.20,373.72
458,10/09/2020,Worldwide,28209478,31.94,74.1,10339.70,367.92
459,09/09/2020,Worldwide,27910404,32.9,73.99,10224.60,351.1
460,08/09/2020,Worldwide,27616461,32.08,70.77,10126.60,337.46
461,07/09/2020,Worldwide,27378905,30.25,72.03,10376.90,352.06
462,06/09/2020,Worldwide,27165431,31.51,71.67,10296.40,353.49
463,05/09/2020,Worldwide,26926406,32.78,73.18,10092.20,334.91
464,04/09/2020,Worldwide,26655365,33.43,74.68,10472.50,385.94
465,03/09/2020,Worldwide,26349129,33.05,74.74,10168.80,381.97
466,02/09/2020,Worldwide,26074861,32.81,74.49,11413.30,439.08
467,01/09/2020,Worldwide,25792628,33.48,73.64,11914.90,475.8
468,31/08/2020,Worldwide,25525749,32.06,73.8,11644.20,433.9
469,30/08/2020,Worldwide,25263546,30.93,69.7,11702.00,428.86
470,29/08/2020,Worldwide,25041982,32.04,73.19,11468.10,398.8
471,28/08/2020,Worldwide,24775299,31.45,74.53,11527.40,395.11
472,27/08/2020,Worldwide,24491350,32.37,74.12,11327.40,383.11
473,26/08/2020,Worldwide,24209657,34.14,74.95,11462.30,385.96
474,25/08/2020,Worldwide,23929121,34.44,73.98,11324.80,383.2
475,24/08/2020,Worldwide,23684713,34.27,74.2,11753.50,407.7
476,23/08/2020,Worldwide,23460348,34.87,72.22,11641.60,390.5
477,22/08/2020,Worldwide,23242522,34.47,74.17,11661.30,395.56
478,21/08/2020,Worldwide,22987510,33.33,73.47,11529.20,387.99
479,20/08/2020,Worldwide,22725661,33.6,73.65,11856.90,416.05
480,19/08/2020,Worldwide,22452451,34.74,74.0,11750.20,407.44
481,18/08/2020,Worldwide,22176832,34.49,72.65,11947.60,422.16
482,17/08/2020,Worldwide,21920708,35.5,73.69,12282.60,430.56
483,16/08/2020,Worldwide,21714146,35.55,72.82,11899.00,433.63
484,15/08/2020,Worldwide,21498068,34.96,74.13,11845.30,432.18
485,14/08/2020,Worldwide,21244470,35.98,73.82,11750.80,438.03
486,13/08/2020,Worldwide,20942405,35.41,73.87,11770.90,424.31
487,12/08/2020,Worldwide,20663802,35.3,73.99,11557.20,387.12
488,11/08/2020,Worldwide,20380746,34.98,73.07,11390.40,379.01
489,10/08/2020,Worldwide,20119063,37.05,75.1,11889.20,395.53
490,09/08/2020,Worldwide,19895082,36.24,72.45,11681.20,390.23
491,08/08/2020,Worldwide,19667032,36.32,74.19,11764.30,396.76
492,07/08/2020,Worldwide,19406765,36.78,75.02,11592.00,379.57
493,06/08/2020,Worldwide,19122488,36.69,74.5,11757.10,394.83
494,05/08/2020,Worldwide,18839290,35.49,74.59,11735.10,400.79
495,04/08/2020,Worldwide,18561976,36.15,73.06,11184.70,389.62
496,03/08/2020,Worldwide,18307606,40.42,72.0,11224.40,385.8
497,02/08/2020,Worldwide,18100166,35.98,73.24,11066.80,372.08
498,01/08/2020,Worldwide,17868412,37.84,75.81,11803.10,387.14
499,31/07/2020,Worldwide,17616274,38.55,74.7,11333.40,346.51
500,30/07/2020,Worldwide,17325468,38.67,74.8,11096.20,334.87
501,29/07/2020,Worldwide,17044699,39.02,75.09,11105.90,317.82
502,28/07/2020,Worldwide,16708292,40.12,73.52,10908.50,316.96
503,27/07/2020,Worldwide,16506646,39.05,72.92,11022.80,321.8
504,26/07/2020,Worldwide,16272148,39.59,71.83,9932.50,311.13
505,25/07/2020,Worldwide,16064902,37.45,74.39,9704.10,305.32
506,24/07/2020,Worldwide,15809604,39.49,74.39,9546.40,279.33
507,23/07/2020,Worldwide,15526856,37.3,73.87,9599.60,275.34
508,22/07/2020,Worldwide,15244018,38.28,73.86,9513.70,263.28
509,21/07/2020,Worldwide,14964330,37.49,72.18,9387.30,245.53
510,20/07/2020,Worldwide,14723354,40.21,72.71,9162.40,236.1
511,19/07/2020,Worldwide,14524232,38.51,71.25,9208.00,239.01
512,18/07/2020,Worldwide,14309309,38.55,73.66,9170.20,235.75
513,17/07/2020,Worldwide,14071236,37.78,73.69,9155.80,232.75
514,16/07/2020,Worldwide,13820369,38.68,73.4,9135.30,233.65
515,15/07/2020,Worldwide,13571434,38.75,73.55,9198.70,238.62
516,14/07/2020,Worldwide,13339979,38.07,71.74,9253.40,240.5
517,13/07/2020,Worldwide,13120800,41.92,72.09,9243.60,239.73
518,12/07/2020,Worldwide,12929057,40.6,70.42,9300.80,242.75
519,11/07/2020,Worldwide,12734660,37.83,72.26,9233.30,239.2
520,10/07/2020,Worldwide,12515019,37.56,74.03,9285.10,241.26
521,09/07/2020,Worldwide,12283504,38.5,72.34,9235.70,242.02
522,08/07/2020,Worldwide,12059787,39.28,73.08,9429.90,246.99
523,07/07/2020,Worldwide,11846382,39.19,72.98,9256.00,239.25
524,06/07/2020,Worldwide,11637936,41.99,72.42,9339.00,241.56
525,05/07/2020,Worldwide,11469172,40.89,70.51,9081.00,227.98
526,04/07/2020,Worldwide,11286162,38.9,73.17,9134.40,229.15
527,03/07/2020,Worldwide,11090632,38.44,72.67,9067.10,225.12
528,02/07/2020,Worldwide,10885403,38.61,72.9,9085.10,226.42
529,01/07/2020,Worldwide,10706642,38.38,72.17,9229.90,230.95
530,30/06/2020,Worldwide,10489964,39.35,73.18,9135.40,225.63
531,29/06/2020,Worldwide,10313839,41.29,70.5,9185.40,227.87
532,28/06/2020,Worldwide,10161038,40.73,69.32,9124.00,225.09
533,27/06/2020,Worldwide,9990892,39.05,72.77,9008.30,221.06
534,26/06/2020,Worldwide,9812554,39.17,73.88,9160.00,229.67
535,25/06/2020,Worldwide,9620501,38.79,72.89,9247.50,232.56
536,24/06/2020,Worldwide,9441238,37.62,71.54,9302.00,234.75
537,23/06/2020,Worldwide,9271933,38.58,71.29,9624.60,243.2
538,22/06/2020,Worldwide,9105267,41.69,69.86,9683.70,243.25
539,21/06/2020,Worldwide,8962068,39.31,70.07,9296.40,228.13
540,20/06/2020,Worldwide,8797689,37.84,72.28,9358.80,228.86
541,19/06/2020,Worldwide,8673796,36.71,73.23,9314.00,229.11
542,18/06/2020,Worldwide,8493969,37.34,74.17,9388.10,231.34
543,17/06/2020,Worldwide,8354600,38.8,73.28,9464.60,233.88
544,16/06/2020,Worldwide,8176194,39.23,73.19,9523.50,235.36
545,15/06/2020,Worldwide,8036834,41.09,70.21,9425.40,230.93
546,14/06/2020,Worldwide,7904747,41.45,68.34,9345.30,232.02
547,13/06/2020,Worldwide,7770657,38.8,73.51,9471.30,238.22
548,12/06/2020,Worldwide,7636651,37.76,73.72,9466.60,237.54
549,11/06/2020,Worldwide,7517644,37.19,74.33,9283.20,230.71
550,10/06/2020,Worldwide,7364298,38.0,72.95,9878.80,247.78
551,09/06/2020,Worldwide,7245325,38.83,73.27,9768.80,243.82
552,08/06/2020,Worldwide,7122009,41.1,68.22,9777.90,246.18
553,07/06/2020,Worldwide,7014885,39.33,70.94,9742.60,244.56
554,06/06/2020,Worldwide,6900365,38.58,73.41,9669.60,242
555,05/06/2020,Worldwide,6774338,39.2,73.81,9631.20,240.23
556,04/06/2020,Worldwide,6636911,38.31,73.99,9794.40,243.37
557,03/06/2020,Worldwide,6508700,37.42,73.95,9667.20,244.52
558,02/06/2020,Worldwide,6390059,39.1,73.22,9527.60,237.94
559,01/06/2020,Worldwide,6268959,42.1,71.41,10189.30,247.97
560,31/05/2020,Worldwide,6170046,40.92,71.09,9454.80,231.81
561,30/05/2020,Worldwide,6062303,41.21,76.43,9692.50,243.63
562,29/05/2020,Worldwide,5927447,44.14,75.71,9424.80,220.66
563,28/05/2020,Worldwide,5811993,44.25,76.82,9572.20,220.18
564,27/05/2020,Worldwide,5695242,45.54,75.54,9199.10,208.18
565,26/05/2020,Worldwide,5592435,49.93,72.73,8842.50,201
566,25/05/2020,Worldwide,5498168,52.75,75.54,8898.20,204.13
567,24/05/2020,Worldwide,5410890,50.74,71.87,8728.20,199.97
568,23/05/2020,Worldwide,5313489,45.82,76.27,9177.00,206.62
569,22/05/2020,Worldwide,5214423,45.61,77.07,9169.70,207.35
570,21/05/2020,Worldwide,5105875,47.3,77.35,9059.00,198.75
571,20/05/2020,Worldwide,4999769,47.03,76.61,9512.30,209.99
572,19/05/2020,Worldwide,4900867,47.82,77.17,9773.30,214.51
573,18/05/2020,Worldwide,4805621,53.11,75.24,9730.70,214.87
574,17/05/2020,Worldwide,4717489,45.89,75.03,9677.70,207
575,16/05/2020,Worldwide,4637049,46.84,76.13,9379.50,200.51
576,15/05/2020,Worldwide,4545355,48.27,80.09,9318.00,194.85
577,14/05/2020,Worldwide,4444830,48.57,77.76,9778.40,203.3
578,13/05/2020,Worldwide,4350438,48.66,76.53,9298.70,199.58
579,12/05/2020,Worldwide,4264821,49.35,77.23,8813.80,189.84
580,11/05/2020,Worldwide,4179851,58.41,76.58,8579.80,185.96
581,10/05/2020,Worldwide,4104732,52.21,72.71,8738.80,187.78
582,09/05/2020,Worldwide,4026683,47.69,77.44,9554.60,210.22
583,08/05/2020,Worldwide,3941433,47.97,79.37,9806.20,211.45
584,07/05/2020,Worldwide,3849617,50.05,78.88,9979.80,212
585,06/05/2020,Worldwide,3759089,49.84,78.46,9151.40,199.04
586,05/05/2020,Worldwide,3665288,51.32,77.92,9001.00,205.36
587,04/05/2020,Worldwide,3585871,57.65,77.25,8874.70,206.61
588,03/05/2020,Worldwide,3510040,50.75,76.86,8885.50,209.83
589,02/05/2020,Worldwide,3432348,49.39,81.52,8966.30,213.96
590,01/05/2020,Worldwide,3348881,49.1,79.27,8821.60,212
591,30/04/2020,Worldwide,3261091,50.79,78.5,8629.00,206.22
592,29/04/2020,Worldwide,3197917,51.48,80.74,8770.90,215.4
593,28/04/2020,Worldwide,3119343,51.2,79.58,7746.90,196.55
594,27/04/2020,Worldwide,3044175,57.88,78.13,7766.00,196.14
595,26/04/2020,Worldwide,2973745,54.28,74.92,7678.90,197.35
596,25/04/2020,Worldwide,2899489,53.46,80.73,7540.40,194.01
597,24/04/2020,Worldwide,2812627,52.84,79.93,7503.80,187.58
598,23/04/2020,Worldwide,2709780,53.04,79.0,7488.50,185.46
599,22/04/2020,Worldwide,2629886,54.26,80.13,7112.90,182.72
600,21/04/2020,Worldwide,2550664,53.99,79.43,6842.50,170.79
601,20/04/2020,Worldwide,2473383,61.16,79.33,6833.50,170.4
602,19/04/2020,Worldwide,2402876,61.29,77.77,7122.90,180.13
603,18/04/2020,Worldwide,2322894,56.62,80.04,7230.80,187.45
604,17/04/2020,Worldwide,2241542,55.79,80.07,7035.80,170.63
605,16/04/2020,Worldwide,2153697,56.0,81.01,7085.60,172.31
606,15/04/2020,Worldwide,2057289,56.55,80.19,6629.10,152.9
607,14/04/2020,Worldwide,1976393,57.9,80.27,6850.90,158.45
608,13/04/2020,Worldwide,1905180,63.99,79.42,6841.30,156.38
609,12/04/2020,Worldwide,1834883,64.54,79.41,6917.60,158.73
610,11/04/2020,Worldwide,1735905,62.26,79.76,6867.80,158.18
611,10/04/2020,Worldwide,1657671,58.37,82.95,6863.10,157.86
612,09/04/2020,Worldwide,1564378,56.77,81.75,7289.00,169.68
613,08/04/2020,Worldwide,1480597,57.33,82.39,7361.20,173
614,07/04/2020,Worldwide,1395318,59.18,81.17,7185.20,164.71
615,06/04/2020,Worldwide,1322066,68.46,79.84,7332.30,171.06
616,05/04/2020,Worldwide,1249589,66.34,78.73,6772.70,142.58
617,04/04/2020,Worldwide,1177421,60.11,81.4,6857.40,144.01
618,03/04/2020,Worldwide,1096794,58.45,82.59,6735.90,141.14
619,02/04/2020,Worldwide,1013290,56.45,81.19,6800.50,141.3
620,01/04/2020,Worldwide,932861,55.95,81.1,6638.50,135.66
621,31/03/2020,Worldwide,857801,58.16,82.31,6412.50,132.86
622,30/03/2020,Worldwide,782710,69.27,81.45,6391.00,132.15
623,29/03/2020,Worldwide,720366,66.2,80.99,5890.40,125.24
624,28/03/2020,Worldwide,663428,59.03,83.93,6233.70,131.03
625,27/03/2020,Worldwide,593766,59.51,82.12,6373.40,131.74
626,26/03/2020,Worldwide,530113,59.5,81.68,6725.10,138.38
627,25/03/2020,Worldwide,467989,60.07,82.2,6678.90,136.07
628,24/03/2020,Worldwide,418250,58.66,80.8,6744.60,138.62
629,23/03/2020,Worldwide,378951,68.87,82.61,6468.90,136.02
630,22/03/2020,Worldwide,338488,66.59,78.7,5822.10,122.41
631,21/03/2020,Worldwide,303819,56.92,79.88,6186.20,132.58
632,20/03/2020,Worldwide,271444,55.71,78.2,6205.30,133.32
633,19/03/2020,Worldwide,241874,52.98,77.86,6172.00,135.43
634,18/03/2020,Worldwide,214244,52.11,76.57,5361.40,117.77
635,17/03/2020,Worldwide,196601,50.22,75.58,5261.10,116.06
636,16/03/2020,Worldwide,181025,61.16,78.98,5030.00,111.02
637,15/03/2020,Worldwide,167002,55.88,75.51,5366.30,124.35
638,14/03/2020,Worldwide,155858,47.08,66.99,5182.70,122.69
639,13/03/2020,Worldwide,144973,41.48,65.37,5584.30,133.99
640,12/03/2020,Worldwide,128192,33.27,64.62,4826.00,107.9
641,11/03/2020,Worldwide,125713,31.24,61.62,7935.10,194.58
642,10/03/2020,Worldwide,118472,28.57,60.74,7891.20,200.56
643,09/03/2020,Worldwide,113673,29.85,61.18,7933.00,202.85
644,08/03/2020,Worldwide,109725,28.3,58.12,8034.10,199.16
645,07/03/2020,Worldwide,105754,24.68,57.43,8887.80,237.32
646,06/03/2020,Worldwide,101693,21.96,57.05,9134.80,244.9
647,05/03/2020,Worldwide,97891,22.19,55.65,9060.30,228.45
648,04/03/2020,Worldwide,95080,21.12,55.2,8757.90,224.38
649,03/03/2020,Worldwide,92829,19.7,54.71,8761.40,223.94
650,02/03/2020,Worldwide,90284,20.38,57.26,8904.80,231.87
651,01/03/2020,Worldwide,88345,17.23,54.89,8540.00,217.99
652,29/02/2020,Worldwide,85992,18.5,53.28,8543.70,217.52
653,28/02/2020,Worldwide,84106,15.64,48.77,8697.50,226.93
654,27/02/2020,Worldwide,82737,14.23,46.31,8818.60,227.53
655,26/02/2020,Worldwide,81380,11.63,43.0,8800.30,224.3
656,25/02/2020,Worldwide,80398,12.77,41.51,9317.20,246.96
657,24/02/2020,Worldwide,79552,12.02,41.22,9662.70,265.65
658,23/02/2020,Worldwide,78963,9.27,36.84,9942.70,274.72
659,22/02/2020,Worldwide,78577,9.96,35.43,9655.70,261.64
660,21/02/2020,Worldwide,76821,8.7,36.01,9684.50,265.11
661,20/02/2020,Worldwide,76177,8.77,36.49,9602.40,257.39
662,19/02/2020,Worldwide,75619,10.43,39.91,9609.40,259.12
663,18/02/2020,Worldwide,75116,11.26,39.55,10158.40,282.26
664,17/02/2020,Worldwide,73238,10.16,40.06,9701.40,267.63
665,16/02/2020,Worldwide,71204,8.86,37.67,9932.30,259.99
666,15/02/2020,Worldwide,69011,9.11,37.85,9907.70,264.87
667,14/02/2020,Worldwide,66868,9.89,39.8,10333.00,285.25
668,13/02/2020,Worldwide,60351,9.25,38.66,10235.10,268.75
669,12/02/2020,Worldwide,45204,8.95,38.07,10317.70,265.58
670,11/02/2020,Worldwide,44785,9.83,37.24,10229.50,236.76
671,10/02/2020,Worldwide,42745,10.38,41.74,9854.10,222.95
672,09/02/2020,Worldwide,40135,9.45,39.66,10151.50,228.59
673,08/02/2020,Worldwide,37105,8.83,39.45,9895.50,223.23
674,07/02/2020,Worldwide,34380,9.31,37.3,9818.60,223.51
675,06/02/2020,Worldwide,30806,10.44,37.66,9772.00,213.16
676,05/02/2020,Worldwide,27624,10.5,37.03,9611.80,203.83
677,04/02/2020,Worldwide,23882,11.12,38.57,9193.90,188.93
678,03/02/2020,Worldwide,19873,12.33,45.81,9296.60,189.79
679,02/02/2020,Worldwide,16779,10.41,42.32,9334.90,188.5
680,01/02/2020,Worldwide,12030,11.27,40.39,9381.60,183.64
681,31/01/2020,Worldwide,9917,9.85,37.71,9349.10,179.91
682,30/01/2020,Worldwide,8227,9.82,36.28,9507.30,184.59
683,29/01/2020,Worldwide,6158,9.06,34.2,9298.90,173.86
684,28/01/2020,Worldwide,5574,7.79,31.94,9377.30,175.74
685,27/01/2020,Worldwide,2923,8.93,37.63,8866.60,170.27
686,26/01/2020,Worldwide,2114,7.91,31.91,8607.80,167.9
687,25/01/2020,Worldwide,1434,6.21,28.89,8341.60,160.44
688,24/01/2020,Worldwide,941,5.36,24.7,8439.90,162.55
689,23/01/2020,Worldwide,1097,4.27,21.91,8405.10,162.8
690,22/01/2020,Worldwide,0,3.27,19.85,8678.50,168.13
691,21/01/2020,Worldwide,0,1.26,12.96,8732.60,169.41
692,20/01/2020,Worldwide,0,0.86,13.62,8641.90,166.87
693,19/01/2020,Worldwide,0,0.77,11.44,8706.20,166.92
694,18/01/2020,Worldwide,0,0.49,9.31,8916.30,174.19
695,17/01/2020,Worldwide,0,0.25,5.99,8913.10,170.22
696,16/01/2020,Worldwide,0,0.16,4.68,8726.90,164.36
697,15/01/2020,Worldwide,0,0.12,3.3,8818.30,166.45
698,14/01/2020,Worldwide,0,0.16,4.27,8829.20,166.07
699,13/01/2020,Worldwide,0,0.15,3.1,8111.40,143.6
700,12/01/2020,Worldwide,0,0.39,8.19,8187.60,146.46
701,11/01/2020,Worldwide,0,0.05,1.88,8024.10,142.67
702,10/01/2020,Worldwide,0,0.21,6.1,8187.10,144.81
703,09/01/2020,Worldwide,0,0.02,0.95,7842.40,137.92
704,08/01/2020,Worldwide,0,0.02,0.66,8059.60,140.81
705,07/01/2020,Worldwide,0,0.05,1.59,8155.70,143.04
706,06/01/2020,Worldwide,0,0.04,1.19,7759.10,144.08
707,05/01/2020,Worldwide,0,0.02,0.67,7372.50,135.59
708,04/01/2020,Worldwide,0,0.03,1.07,7376.80,134.33
709,03/01/2020,Worldwide,0,0.0,0.2,7343.10,134.27
710,02/01/2020,Worldwide,0,0.01,0.3,6967.00,127.19
711,01/01/2020,Worldwide,0,0.0,0.09,7199.80,130.75
